municipio,departamento,resultado,porcentaje
EL ENCANTO,AMAZONAS,SÍ,0.7692
EL ENCANTO,AMAZONAS,NO,0.23070000000000002
LA CHORRERA,AMAZONAS,SÍ,0.8287
LA CHORRERA,AMAZONAS,NO,0.17120000000000002
LA PEDRERA,AMAZONAS,SÍ,0.8831
LA PEDRERA,AMAZONAS,NO,0.1168
LA VICTORIA,AMAZONAS,SÍ,0.8
LA VICTORIA,AMAZONAS,NO,0.2
LETICIA,AMAZONAS,SÍ,0.4966
LETICIA,AMAZONAS,NO,0.5033
MIRITI PARANA,AMAZONAS,SÍ,0.927
MIRITI PARANA,AMAZONAS,NO,0.0729
PUERTO ALEGRIA,AMAZONAS,SÍ,0.9122
PUERTO ALEGRIA,AMAZONAS,NO,0.0877
PUERTO ARICA,AMAZONAS,SÍ,0.8151
PUERTO ARICA,AMAZONAS,NO,0.1848
PUERTO NARIÑO,AMAZONAS,SÍ,0.7518
PUERTO NARIÑO,AMAZONAS,NO,0.2481
PUERTO SANTANDER,AMAZONAS,SÍ,0.8865000000000001
PUERTO SANTANDER,AMAZONAS,NO,0.1134
TARAPACA,AMAZONAS,SÍ,0.7957
TARAPACA,AMAZONAS,NO,0.20420000000000002
ABEJORRAL,ANTIOQUIA,SÍ,0.381
ABEJORRAL,ANTIOQUIA,NO,0.6189
ABRIAQUI,ANTIOQUIA,SÍ,0.3908
ABRIAQUI,ANTIOQUIA,NO,0.6091
ALEJANDRIA,ANTIOQUIA,SÍ,0.5811999999999999
ALEJANDRIA,ANTIOQUIA,NO,0.41869999999999996
AMAGA,ANTIOQUIA,SÍ,0.3348
AMAGA,ANTIOQUIA,NO,0.6651
AMALFI,ANTIOQUIA,SÍ,0.3624
AMALFI,ANTIOQUIA,NO,0.6375
ANDES,ANTIOQUIA,SÍ,0.3578
ANDES,ANTIOQUIA,NO,0.6420999999999999
ANGELOPOLIS,ANTIOQUIA,SÍ,0.35509999999999997
ANGELOPOLIS,ANTIOQUIA,NO,0.6448
ANGOSTURA,ANTIOQUIA,SÍ,0.39289999999999997
ANGOSTURA,ANTIOQUIA,NO,0.607
ANORI,ANTIOQUIA,SÍ,0.6492
ANORI,ANTIOQUIA,NO,0.3507
ANTIOQUIA,ANTIOQUIA,SÍ,0.3821
ANTIOQUIA,ANTIOQUIA,NO,0.6178
ANZA,ANTIOQUIA,SÍ,0.32909999999999995
ANZA,ANTIOQUIA,NO,0.6708
APARTADO,ANTIOQUIA,SÍ,0.5232
APARTADO,ANTIOQUIA,NO,0.4767
ARBOLETES,ANTIOQUIA,SÍ,0.6557999999999999
ARBOLETES,ANTIOQUIA,NO,0.34409999999999996
ARGELIA,ANTIOQUIA,SÍ,0.3248
ARGELIA,ANTIOQUIA,NO,0.6751
ARMENIA,ANTIOQUIA,SÍ,0.308
ARMENIA,ANTIOQUIA,NO,0.6919
BARBOSA,ANTIOQUIA,SÍ,0.3264
BARBOSA,ANTIOQUIA,NO,0.6735
BELLO,ANTIOQUIA,SÍ,0.3643
BELLO,ANTIOQUIA,NO,0.6356
BELMIRA,ANTIOQUIA,SÍ,0.4337
BELMIRA,ANTIOQUIA,NO,0.5661999999999999
BETANIA,ANTIOQUIA,SÍ,0.2956
BETANIA,ANTIOQUIA,NO,0.7043
BETULIA,ANTIOQUIA,SÍ,0.34369999999999995
BETULIA,ANTIOQUIA,NO,0.6562
BOLIVAR,ANTIOQUIA,SÍ,0.2978
BOLIVAR,ANTIOQUIA,NO,0.7021
BRICEÑO,ANTIOQUIA,SÍ,0.6934999999999999
BRICEÑO,ANTIOQUIA,NO,0.3064
BURITICA,ANTIOQUIA,SÍ,0.3475
BURITICA,ANTIOQUIA,NO,0.6524
CACERES,ANTIOQUIA,SÍ,0.6485
CACERES,ANTIOQUIA,NO,0.3514
CAICEDO,ANTIOQUIA,SÍ,0.39159999999999995
CAICEDO,ANTIOQUIA,NO,0.6083
CALDAS,ANTIOQUIA,SÍ,0.3652
CALDAS,ANTIOQUIA,NO,0.6347
CAMPAMENTO,ANTIOQUIA,SÍ,0.5061
CAMPAMENTO,ANTIOQUIA,NO,0.4938
CAÑASGORDAS,ANTIOQUIA,SÍ,0.41090000000000004
CAÑASGORDAS,ANTIOQUIA,NO,0.589
CARACOLI,ANTIOQUIA,SÍ,0.4935
CARACOLI,ANTIOQUIA,NO,0.5064
CARAMANTA,ANTIOQUIA,SÍ,0.4182
CARAMANTA,ANTIOQUIA,NO,0.5817
CAREPA,ANTIOQUIA,SÍ,0.4679
CAREPA,ANTIOQUIA,NO,0.532
CARMEN DE VIBORAL,ANTIOQUIA,SÍ,0.33880000000000005
CARMEN DE VIBORAL,ANTIOQUIA,NO,0.6611
CAROLINA,ANTIOQUIA,SÍ,0.4199
CAROLINA,ANTIOQUIA,NO,0.58
CAUCASIA,ANTIOQUIA,SÍ,0.4336
CAUCASIA,ANTIOQUIA,NO,0.5663
CHIGORODO,ANTIOQUIA,SÍ,0.5239
CHIGORODO,ANTIOQUIA,NO,0.47600000000000003
CISNEROS,ANTIOQUIA,SÍ,0.3711
CISNEROS,ANTIOQUIA,NO,0.6288
COCORNA,ANTIOQUIA,SÍ,0.3539
COCORNA,ANTIOQUIA,NO,0.6459999999999999
CONCEPCION,ANTIOQUIA,SÍ,0.38049999999999995
CONCEPCION,ANTIOQUIA,NO,0.6194
CONCORDIA,ANTIOQUIA,SÍ,0.32409999999999994
CONCORDIA,ANTIOQUIA,NO,0.6758
COPACABANA,ANTIOQUIA,SÍ,0.38780000000000003
COPACABANA,ANTIOQUIA,NO,0.6121
DABEIBA,ANTIOQUIA,SÍ,0.6468
DABEIBA,ANTIOQUIA,NO,0.3531
DON MATIAS,ANTIOQUIA,SÍ,0.2602
DON MATIAS,ANTIOQUIA,NO,0.7397
EBEJICO,ANTIOQUIA,SÍ,0.35090000000000005
EBEJICO,ANTIOQUIA,NO,0.649
EL BAGRE,ANTIOQUIA,SÍ,0.4384
EL BAGRE,ANTIOQUIA,NO,0.5615
ENTRERRIOS,ANTIOQUIA,SÍ,0.3295
ENTRERRIOS,ANTIOQUIA,NO,0.6704000000000001
ENVIGADO,ANTIOQUIA,SÍ,0.35979999999999995
ENVIGADO,ANTIOQUIA,NO,0.6401
FREDONIA,ANTIOQUIA,SÍ,0.35719999999999996
FREDONIA,ANTIOQUIA,NO,0.6426999999999999
FRONTINO,ANTIOQUIA,SÍ,0.5519
FRONTINO,ANTIOQUIA,NO,0.44799999999999995
GIRALDO,ANTIOQUIA,SÍ,0.5445
GIRALDO,ANTIOQUIA,NO,0.45539999999999997
GIRARDOTA,ANTIOQUIA,SÍ,0.363
GIRARDOTA,ANTIOQUIA,NO,0.6369
GOMEZ PLATA,ANTIOQUIA,SÍ,0.3676
GOMEZ PLATA,ANTIOQUIA,NO,0.6323
GRANADA,ANTIOQUIA,SÍ,0.3946
GRANADA,ANTIOQUIA,NO,0.6053000000000001
GUADALUPE,ANTIOQUIA,SÍ,0.5488000000000001
GUADALUPE,ANTIOQUIA,NO,0.4511
GUARNE,ANTIOQUIA,SÍ,0.2673
GUARNE,ANTIOQUIA,NO,0.7326
GUATAPE,ANTIOQUIA,SÍ,0.38520000000000004
GUATAPE,ANTIOQUIA,NO,0.6147
HELICONIA,ANTIOQUIA,SÍ,0.4428
HELICONIA,ANTIOQUIA,NO,0.5571
HISPANIA,ANTIOQUIA,SÍ,0.41229999999999994
HISPANIA,ANTIOQUIA,NO,0.5876
ITAGUI,ANTIOQUIA,SÍ,0.3709
ITAGUI,ANTIOQUIA,NO,0.629
ITUANGO,ANTIOQUIA,SÍ,0.6934
ITUANGO,ANTIOQUIA,NO,0.3065
JARDIN,ANTIOQUIA,SÍ,0.35960000000000003
JARDIN,ANTIOQUIA,NO,0.6403
JERICO,ANTIOQUIA,SÍ,0.2901
JERICO,ANTIOQUIA,NO,0.7098
LA CEJA,ANTIOQUIA,SÍ,0.301
LA CEJA,ANTIOQUIA,NO,0.6989
LA ESTRELLA,ANTIOQUIA,SÍ,0.36460000000000004
LA ESTRELLA,ANTIOQUIA,NO,0.6353
LA PINTADA,ANTIOQUIA,SÍ,0.4226
LA PINTADA,ANTIOQUIA,NO,0.5772999999999999
LA UNION,ANTIOQUIA,SÍ,0.3478
LA UNION,ANTIOQUIA,NO,0.6520999999999999
LIBORINA,ANTIOQUIA,SÍ,0.3578
LIBORINA,ANTIOQUIA,NO,0.6420999999999999
MACEO,ANTIOQUIA,SÍ,0.4218
MACEO,ANTIOQUIA,NO,0.5781000000000001
MARINILLA,ANTIOQUIA,SÍ,0.3136
MARINILLA,ANTIOQUIA,NO,0.6862999999999999
MEDELLIN,ANTIOQUIA,SÍ,0.37020000000000003
MEDELLIN,ANTIOQUIA,NO,0.6297
MONTEBELLO,ANTIOQUIA,SÍ,0.5511
MONTEBELLO,ANTIOQUIA,NO,0.44880000000000003
MURINDO,ANTIOQUIA,SÍ,0.9606
MURINDO,ANTIOQUIA,NO,0.0393
MUTATA,ANTIOQUIA,SÍ,0.645
MUTATA,ANTIOQUIA,NO,0.3549
"NARIÑO",ANTIOQUIA,SÍ,0.3258
"NARIÑO",ANTIOQUIA,NO,0.6740999999999999
NECHI,ANTIOQUIA,SÍ,0.5184000000000001
NECHI,ANTIOQUIA,NO,0.4815
NECOCLI,ANTIOQUIA,SÍ,0.6038
NECOCLI,ANTIOQUIA,NO,0.3961
OLAYA,ANTIOQUIA,SÍ,0.37810000000000005
OLAYA,ANTIOQUIA,NO,0.6218
PEÑOL,ANTIOQUIA,SÍ,0.3836
PEÑOL,ANTIOQUIA,NO,0.6163000000000001
PEQUE,ANTIOQUIA,SÍ,0.7284999999999999
PEQUE,ANTIOQUIA,NO,0.27140000000000003
PUEBLORRICO,ANTIOQUIA,SÍ,0.3425
PUEBLORRICO,ANTIOQUIA,NO,0.6574
PUERTO BERRIO,ANTIOQUIA,SÍ,0.31489999999999996
PUERTO BERRIO,ANTIOQUIA,NO,0.685
PUERTO NARE-LA MAGDALENA,ANTIOQUIA,SÍ,0.5877
PUERTO NARE-LA MAGDALENA,ANTIOQUIA,NO,0.4122
PUERTO TRIUNFO,ANTIOQUIA,SÍ,0.26289999999999997
PUERTO TRIUNFO,ANTIOQUIA,NO,0.737
REMEDIOS,ANTIOQUIA,SÍ,0.3472
REMEDIOS,ANTIOQUIA,NO,0.6527
RETIRO,ANTIOQUIA,SÍ,0.3132
RETIRO,ANTIOQUIA,NO,0.6867
RIONEGRO,ANTIOQUIA,SÍ,0.30579999999999996
RIONEGRO,ANTIOQUIA,NO,0.6940999999999999
SABANALARGA,ANTIOQUIA,SÍ,0.34130000000000005
SABANALARGA,ANTIOQUIA,NO,0.6586
SABANETA,ANTIOQUIA,SÍ,0.37060000000000004
SABANETA,ANTIOQUIA,NO,0.6293
SALGAR,ANTIOQUIA,SÍ,0.32539999999999997
SALGAR,ANTIOQUIA,NO,0.6745
SAN ANDRES,ANTIOQUIA,SÍ,0.4496
SAN ANDRES,ANTIOQUIA,NO,0.5503
SAN CARLOS,ANTIOQUIA,SÍ,0.4698
SAN CARLOS,ANTIOQUIA,NO,0.5301
SAN FRANCISCO,ANTIOQUIA,SÍ,0.4228
SAN FRANCISCO,ANTIOQUIA,NO,0.5771000000000001
SAN JERONIMO,ANTIOQUIA,SÍ,0.3711
SAN JERONIMO,ANTIOQUIA,NO,0.6288
SAN JOSE DE LA MONTAÑA,ANTIOQUIA,SÍ,0.3689
SAN JOSE DE LA MONTAÑA,ANTIOQUIA,NO,0.631
SAN JUAN DE URABA,ANTIOQUIA,SÍ,0.6622
SAN JUAN DE URABA,ANTIOQUIA,NO,0.33770000000000006
SAN LUIS,ANTIOQUIA,SÍ,0.2492
SAN LUIS,ANTIOQUIA,NO,0.7506999999999999
SAN PEDRO,ANTIOQUIA,SÍ,0.2565
SAN PEDRO,ANTIOQUIA,NO,0.7434000000000001
SAN PEDRO DE URABA,ANTIOQUIA,SÍ,0.5096
SAN PEDRO DE URABA,ANTIOQUIA,NO,0.4903
SAN RAFAEL,ANTIOQUIA,SÍ,0.3883
SAN RAFAEL,ANTIOQUIA,NO,0.6115999999999999
SAN ROQUE,ANTIOQUIA,SÍ,0.41200000000000003
SAN ROQUE,ANTIOQUIA,NO,0.5879
SAN VICENTE,ANTIOQUIA,SÍ,0.2792
SAN VICENTE,ANTIOQUIA,NO,0.7206999999999999
SANTA BARBARA,ANTIOQUIA,SÍ,0.3567
SANTA BARBARA,ANTIOQUIA,NO,0.6431999999999999
SANTA ROSA DE OSOS,ANTIOQUIA,SÍ,0.301
SANTA ROSA DE OSOS,ANTIOQUIA,NO,0.6989
SANTO DOMINGO,ANTIOQUIA,SÍ,0.3922
SANTO DOMINGO,ANTIOQUIA,NO,0.6077
SANTUARIO,ANTIOQUIA,SÍ,0.2695
SANTUARIO,ANTIOQUIA,NO,0.7304
SEGOVIA,ANTIOQUIA,SÍ,0.33030000000000004
SEGOVIA,ANTIOQUIA,NO,0.6696
SONSON,ANTIOQUIA,SÍ,0.2614
SONSON,ANTIOQUIA,NO,0.7384999999999999
SOPETRAN,ANTIOQUIA,SÍ,0.45270000000000005
SOPETRAN,ANTIOQUIA,NO,0.5472
TAMESIS,ANTIOQUIA,SÍ,0.35340000000000005
TAMESIS,ANTIOQUIA,NO,0.6465000000000001
TARAZA,ANTIOQUIA,SÍ,0.6007
TARAZA,ANTIOQUIA,NO,0.3992
TARSO,ANTIOQUIA,SÍ,0.42119999999999996
TARSO,ANTIOQUIA,NO,0.5787
TITIRIBI,ANTIOQUIA,SÍ,0.35259999999999997
TITIRIBI,ANTIOQUIA,NO,0.6473
TOLEDO,ANTIOQUIA,SÍ,0.6114
TOLEDO,ANTIOQUIA,NO,0.3885
TURBO,ANTIOQUIA,SÍ,0.5614
TURBO,ANTIOQUIA,NO,0.4385
URAMITA,ANTIOQUIA,SÍ,0.5390999999999999
URAMITA,ANTIOQUIA,NO,0.4608
URRAO,ANTIOQUIA,SÍ,0.4718
URRAO,ANTIOQUIA,NO,0.5281
VALDIVIA,ANTIOQUIA,SÍ,0.5007
VALDIVIA,ANTIOQUIA,NO,0.49920000000000003
VALPARAISO,ANTIOQUIA,SÍ,0.4006
VALPARAISO,ANTIOQUIA,NO,0.5992999999999999
VEGACHI,ANTIOQUIA,SÍ,0.284
VEGACHI,ANTIOQUIA,NO,0.7159
VENECIA,ANTIOQUIA,SÍ,0.38299999999999995
VENECIA,ANTIOQUIA,NO,0.6169
VIGIA DEL FUERTE,ANTIOQUIA,SÍ,0.9601999999999999
VIGIA DEL FUERTE,ANTIOQUIA,NO,0.0397
YALI,ANTIOQUIA,SÍ,0.387
YALI,ANTIOQUIA,NO,0.6129
YARUMAL,ANTIOQUIA,SÍ,0.3256
YARUMAL,ANTIOQUIA,NO,0.6743000000000001
YOLOMBO,ANTIOQUIA,SÍ,0.3954
YOLOMBO,ANTIOQUIA,NO,0.6045
YONDO-CASABE,ANTIOQUIA,SÍ,0.4581
YONDO-CASABE,ANTIOQUIA,NO,0.5418
ZARAGOZA,ANTIOQUIA,SÍ,0.49200000000000005
ZARAGOZA,ANTIOQUIA,NO,0.5079
ARAUCA,ARAUCA,SÍ,0.3494
ARAUCA,ARAUCA,NO,0.6505
ARAUQUITA,ARAUCA,SÍ,0.7646999999999999
ARAUQUITA,ARAUCA,NO,0.2352
CRAVO NORTE,ARAUCA,SÍ,0.4022
CRAVO NORTE,ARAUCA,NO,0.5977
FORTUL,ARAUCA,SÍ,0.6873999999999999
FORTUL,ARAUCA,NO,0.3125
PUERTO RONDON,ARAUCA,SÍ,0.3912
PUERTO RONDON,ARAUCA,NO,0.6087
SARAVENA,ARAUCA,SÍ,0.46299999999999997
SARAVENA,ARAUCA,NO,0.5368999999999999
TAME,ARAUCA,SÍ,0.5065
TAME,ARAUCA,NO,0.49340000000000006
BARANOA,ATLANTICO,SÍ,0.7234
BARANOA,ATLANTICO,NO,0.27649999999999997
BARRANQUILLA,ATLANTICO,SÍ,0.5744
BARRANQUILLA,ATLANTICO,NO,0.4255
CAMPO DE LA CRUZ,ATLANTICO,SÍ,0.6204
CAMPO DE LA CRUZ,ATLANTICO,NO,0.3795
CANDELARIA,ATLANTICO,SÍ,0.6962999999999999
CANDELARIA,ATLANTICO,NO,0.3036
GALAPA,ATLANTICO,SÍ,0.6201
GALAPA,ATLANTICO,NO,0.37979999999999997
JUAN DE ACOSTA,ATLANTICO,SÍ,0.6881999999999999
JUAN DE ACOSTA,ATLANTICO,NO,0.31170000000000003
LURUACO,ATLANTICO,SÍ,0.6451
LURUACO,ATLANTICO,NO,0.35479999999999995
MALAMBO,ATLANTICO,SÍ,0.5605
MALAMBO,ATLANTICO,NO,0.43939999999999996
MANATI,ATLANTICO,SÍ,0.8395999999999999
MANATI,ATLANTICO,NO,0.1603
PALMAR DE VARELA,ATLANTICO,SÍ,0.7199
PALMAR DE VARELA,ATLANTICO,NO,0.28
PIOJO,ATLANTICO,SÍ,0.7408
PIOJO,ATLANTICO,NO,0.2591
POLONUEVO,ATLANTICO,SÍ,0.8112
POLONUEVO,ATLANTICO,NO,0.1887
PONEDERA,ATLANTICO,SÍ,0.6324000000000001
PONEDERA,ATLANTICO,NO,0.3675
PUERTO COLOMBIA,ATLANTICO,SÍ,0.6152000000000001
PUERTO COLOMBIA,ATLANTICO,NO,0.3847
REPELON,ATLANTICO,SÍ,0.8004000000000001
REPELON,ATLANTICO,NO,0.19949999999999998
SABANAGRANDE,ATLANTICO,SÍ,0.6392
SABANAGRANDE,ATLANTICO,NO,0.3607
SABANALARGA,ATLANTICO,SÍ,0.7337
SABANALARGA,ATLANTICO,NO,0.2662
SANTA LUCIA,ATLANTICO,SÍ,0.753
SANTA LUCIA,ATLANTICO,NO,0.2469
SANTO TOMAS,ATLANTICO,SÍ,0.7169
SANTO TOMAS,ATLANTICO,NO,0.28300000000000003
SOLEDAD,ATLANTICO,SÍ,0.5897
SOLEDAD,ATLANTICO,NO,0.4102
SUAN,ATLANTICO,SÍ,0.7584000000000001
SUAN,ATLANTICO,NO,0.2415
TUBARA,ATLANTICO,SÍ,0.6776000000000001
TUBARA,ATLANTICO,NO,0.3223
USIACURI,ATLANTICO,SÍ,0.7742
USIACURI,ATLANTICO,NO,0.2257
BOGOTA. D.C.,BOGOTA D.C.,SÍ,0.5607
BOGOTA. D.C.,BOGOTA D.C.,NO,0.43920000000000003
ACHI,BOLIVAR,SÍ,0.6968000000000001
ACHI,BOLIVAR,NO,0.3031
ALTOS DEL ROSARIO,BOLIVAR,SÍ,0.5666
ALTOS DEL ROSARIO,BOLIVAR,NO,0.43329999999999996
ARENAL,BOLIVAR,SÍ,0.8806
ARENAL,BOLIVAR,NO,0.1193
ARJONA,BOLIVAR,SÍ,0.6234000000000001
ARJONA,BOLIVAR,NO,0.3765
ARROYO HONDO,BOLIVAR,SÍ,0.7548
ARROYO HONDO,BOLIVAR,NO,0.2451
BARRANCO DE LOBA,BOLIVAR,SÍ,0.5329
BARRANCO DE LOBA,BOLIVAR,NO,0.467
CALAMAR,BOLIVAR,SÍ,0.5895
CALAMAR,BOLIVAR,NO,0.4104
CANTAGALLO,BOLIVAR,SÍ,0.7195
CANTAGALLO,BOLIVAR,NO,0.2804
CARTAGENA,BOLIVAR,SÍ,0.5573
CARTAGENA,BOLIVAR,NO,0.4426
CICUCO,BOLIVAR,SÍ,0.7086
CICUCO,BOLIVAR,NO,0.2913
CLEMENCIA,BOLIVAR,SÍ,0.6601
CLEMENCIA,BOLIVAR,NO,0.3398
CORDOBA,BOLIVAR,SÍ,0.7829999999999999
CORDOBA,BOLIVAR,NO,0.2169
EL CARMEN DE BOLIVAR,BOLIVAR,SÍ,0.532
EL CARMEN DE BOLIVAR,BOLIVAR,NO,0.4679
EL GUAMO,BOLIVAR,SÍ,0.7957
EL GUAMO,BOLIVAR,NO,0.20420000000000002
EL PEÑON,BOLIVAR,SÍ,0.6134000000000001
EL PEÑON,BOLIVAR,NO,0.3865
HATILLO DE LOBA,BOLIVAR,SÍ,0.507
HATILLO DE LOBA,BOLIVAR,NO,0.4929
MAGANGUE,BOLIVAR,SÍ,0.6231
MAGANGUE,BOLIVAR,NO,0.3768
MAHATES,BOLIVAR,SÍ,0.6975
MAHATES,BOLIVAR,NO,0.3024
MARGARITA,BOLIVAR,SÍ,0.5969
MARGARITA,BOLIVAR,NO,0.40299999999999997
MARIA LA BAJA,BOLIVAR,SÍ,0.7992
MARIA LA BAJA,BOLIVAR,NO,0.2007
MOMPOS,BOLIVAR,SÍ,0.6312
MOMPOS,BOLIVAR,NO,0.36869999999999997
MONTECRISTO,BOLIVAR,SÍ,0.807
MONTECRISTO,BOLIVAR,NO,0.1929
MORALES,BOLIVAR,SÍ,0.46740000000000004
MORALES,BOLIVAR,NO,0.5325
NOROSI,BOLIVAR,SÍ,0.8454999999999999
NOROSI,BOLIVAR,NO,0.15439999999999998
PINILLOS,BOLIVAR,SÍ,0.6119
PINILLOS,BOLIVAR,NO,0.38799999999999996
REGIDOR,BOLIVAR,SÍ,0.7717
REGIDOR,BOLIVAR,NO,0.22820000000000001
RIOVIEJO,BOLIVAR,SÍ,0.6995
RIOVIEJO,BOLIVAR,NO,0.3004
SAN CRISTOBAL,BOLIVAR,SÍ,0.8674
SAN CRISTOBAL,BOLIVAR,NO,0.1325
SAN ESTANISLAO,BOLIVAR,SÍ,0.6861
SAN ESTANISLAO,BOLIVAR,NO,0.31379999999999997
SAN FERNANDO,BOLIVAR,SÍ,0.8199
SAN FERNANDO,BOLIVAR,NO,0.18
SAN JACINTO,BOLIVAR,SÍ,0.6013000000000001
SAN JACINTO,BOLIVAR,NO,0.3986
SAN JACINTO DEL CAUCA,BOLIVAR,SÍ,0.6940999999999999
SAN JACINTO DEL CAUCA,BOLIVAR,NO,0.30579999999999996
SAN JUAN NEPOMUCENO,BOLIVAR,SÍ,0.6096
SAN JUAN NEPOMUCENO,BOLIVAR,NO,0.39030000000000004
SAN MARTIN DE LOBA,BOLIVAR,SÍ,0.6940999999999999
SAN MARTIN DE LOBA,BOLIVAR,NO,0.30579999999999996
SAN PABLO,BOLIVAR,SÍ,0.4879
SAN PABLO,BOLIVAR,NO,0.512
SANTA CATALINA,BOLIVAR,SÍ,0.7608
SANTA CATALINA,BOLIVAR,NO,0.2391
SANTA ROSA,BOLIVAR,SÍ,0.6495000000000001
SANTA ROSA,BOLIVAR,NO,0.3504
SANTA ROSA DEL SUR,BOLIVAR,SÍ,0.37450000000000006
SANTA ROSA DEL SUR,BOLIVAR,NO,0.6254
SIMITI,BOLIVAR,SÍ,0.49570000000000003
SIMITI,BOLIVAR,NO,0.5042
SOPLAVIENTO,BOLIVAR,SÍ,0.8534999999999999
SOPLAVIENTO,BOLIVAR,NO,0.1464
TALAIGUA NUEVO,BOLIVAR,SÍ,0.6415000000000001
TALAIGUA NUEVO,BOLIVAR,NO,0.35840000000000005
TIQUISIO (PTO. RICO),BOLIVAR,SÍ,0.5524
TIQUISIO (PTO. RICO),BOLIVAR,NO,0.4475
TURBACO,BOLIVAR,SÍ,0.5996
TURBACO,BOLIVAR,NO,0.4003
TURBANA,BOLIVAR,SÍ,0.6887000000000001
TURBANA,BOLIVAR,NO,0.31120000000000003
VILLANUEVA,BOLIVAR,SÍ,0.6075
VILLANUEVA,BOLIVAR,NO,0.3924
ZAMBRANO,BOLIVAR,SÍ,0.8609
ZAMBRANO,BOLIVAR,NO,0.139
ALMEIDA,BOYACA,SÍ,0.5155
ALMEIDA,BOYACA,NO,0.4844
AQUITANIA (PUEBLOVIEJO),BOYACA,SÍ,0.28800000000000003
AQUITANIA (PUEBLOVIEJO),BOYACA,NO,0.7119
ARCABUCO,BOYACA,SÍ,0.467
ARCABUCO,BOYACA,NO,0.5329
BELEN,BOYACA,SÍ,0.4611
BELEN,BOYACA,NO,0.5388000000000001
BERBEO,BOYACA,SÍ,0.6812999999999999
BERBEO,BOYACA,NO,0.3186
BETEITIVA,BOYACA,SÍ,0.6175999999999999
BETEITIVA,BOYACA,NO,0.3823
BOAVITA,BOYACA,SÍ,0.44329999999999997
BOAVITA,BOYACA,NO,0.5566
BOYACA,BOYACA,SÍ,0.5818
BOYACA,BOYACA,NO,0.4181
BRICEÑO,BOYACA,SÍ,0.6254
BRICEÑO,BOYACA,NO,0.37450000000000006
BUENAVISTA,BOYACA,SÍ,0.43810000000000004
BUENAVISTA,BOYACA,NO,0.5618
BUSBANZA,BOYACA,SÍ,0.48729999999999996
BUSBANZA,BOYACA,NO,0.5126
CALDAS,BOYACA,SÍ,0.5896
CALDAS,BOYACA,NO,0.4103
CAMPOHERMOSO,BOYACA,SÍ,0.5399
CAMPOHERMOSO,BOYACA,NO,0.46
CERINZA,BOYACA,SÍ,0.6175999999999999
CERINZA,BOYACA,NO,0.3823
CHINAVITA,BOYACA,SÍ,0.4586
CHINAVITA,BOYACA,NO,0.5413
CHIQUINQUIRA,BOYACA,SÍ,0.48469999999999996
CHIQUINQUIRA,BOYACA,NO,0.5152
CHIQUIZA,BOYACA,SÍ,0.6193
CHIQUIZA,BOYACA,NO,0.38060000000000005
CHISCAS,BOYACA,SÍ,0.5052
CHISCAS,BOYACA,NO,0.4947
CHITA,BOYACA,SÍ,0.3995
CHITA,BOYACA,NO,0.6004
CHITARAQUE,BOYACA,SÍ,0.40090000000000003
CHITARAQUE,BOYACA,NO,0.599
CHIVATA,BOYACA,SÍ,0.5207
CHIVATA,BOYACA,NO,0.4792
CHIVOR,BOYACA,SÍ,0.4075
CHIVOR,BOYACA,NO,0.5924
CIENEGA,BOYACA,SÍ,0.4532
CIENEGA,BOYACA,NO,0.5467
COMBITA,BOYACA,SÍ,0.589
COMBITA,BOYACA,NO,0.41090000000000004
COPER,BOYACA,SÍ,0.5992000000000001
COPER,BOYACA,NO,0.4007
CORRALES,BOYACA,SÍ,0.4439
CORRALES,BOYACA,NO,0.556
COVARACHIA,BOYACA,SÍ,0.3862
COVARACHIA,BOYACA,NO,0.6137
CUBARA,BOYACA,SÍ,0.5667
CUBARA,BOYACA,NO,0.43320000000000003
CUCAITA,BOYACA,SÍ,0.557
CUCAITA,BOYACA,NO,0.4429
CUITIVA,BOYACA,SÍ,0.42560000000000003
CUITIVA,BOYACA,NO,0.5743
DUITAMA,BOYACA,SÍ,0.4844
DUITAMA,BOYACA,NO,0.5155
EL COCUY,BOYACA,SÍ,0.3106
EL COCUY,BOYACA,NO,0.6893
EL ESPINO,BOYACA,SÍ,0.35090000000000005
EL ESPINO,BOYACA,NO,0.649
FIRAVITOBA,BOYACA,SÍ,0.6346
FIRAVITOBA,BOYACA,NO,0.3653
FLORESTA,BOYACA,SÍ,0.39740000000000003
FLORESTA,BOYACA,NO,0.6025
GACHANTIVA,BOYACA,SÍ,0.478
GACHANTIVA,BOYACA,NO,0.5219
GAMEZA,BOYACA,SÍ,0.4294
GAMEZA,BOYACA,NO,0.5705
GARAGOA,BOYACA,SÍ,0.5047999999999999
GARAGOA,BOYACA,NO,0.4951
GUACAMAYAS,BOYACA,SÍ,0.2029
GUACAMAYAS,BOYACA,NO,0.797
GUATEQUE,BOYACA,SÍ,0.5179
GUATEQUE,BOYACA,NO,0.48200000000000004
GUAYATA,BOYACA,SÍ,0.5763
GUAYATA,BOYACA,NO,0.4236
GUICAN,BOYACA,SÍ,0.4843
GUICAN,BOYACA,NO,0.5156000000000001
IZA,BOYACA,SÍ,0.4411
IZA,BOYACA,NO,0.5588000000000001
JENESANO,BOYACA,SÍ,0.6383
JENESANO,BOYACA,NO,0.3616
JERICO,BOYACA,SÍ,0.3864
JERICO,BOYACA,NO,0.6135
LA CAPILLA,BOYACA,SÍ,0.5157
LA CAPILLA,BOYACA,NO,0.4842
LA UVITA,BOYACA,SÍ,0.3195
LA UVITA,BOYACA,NO,0.6804000000000001
LA VICTORIA,BOYACA,SÍ,0.754
LA VICTORIA,BOYACA,NO,0.2459
LABRANZAGRANDE,BOYACA,SÍ,0.45630000000000004
LABRANZAGRANDE,BOYACA,NO,0.5436
MACANAL,BOYACA,SÍ,0.3892
MACANAL,BOYACA,NO,0.6107
MARIPI,BOYACA,SÍ,0.7491
MARIPI,BOYACA,NO,0.25079999999999997
MIRAFLORES,BOYACA,SÍ,0.6539
MIRAFLORES,BOYACA,NO,0.34600000000000003
MONGUA,BOYACA,SÍ,0.2398
MONGUA,BOYACA,NO,0.7601
MONGUI,BOYACA,SÍ,0.3785
MONGUI,BOYACA,NO,0.6214
MONIQUIRA,BOYACA,SÍ,0.5192
MONIQUIRA,BOYACA,NO,0.4807
MOTAVITA,BOYACA,SÍ,0.5332
MOTAVITA,BOYACA,NO,0.4667
MUZO,BOYACA,SÍ,0.3685
MUZO,BOYACA,NO,0.6314
NOBSA,BOYACA,SÍ,0.5023
NOBSA,BOYACA,NO,0.4976
NUEVO COLON,BOYACA,SÍ,0.6395000000000001
NUEVO COLON,BOYACA,NO,0.3604
OICATA,BOYACA,SÍ,0.5515
OICATA,BOYACA,NO,0.4484
OTANCHE,BOYACA,SÍ,0.4404
OTANCHE,BOYACA,NO,0.5595
PACHAVITA,BOYACA,SÍ,0.49729999999999996
PACHAVITA,BOYACA,NO,0.5025999999999999
PAEZ,BOYACA,SÍ,0.4765
PAEZ,BOYACA,NO,0.5234000000000001
PAIPA,BOYACA,SÍ,0.5597
PAIPA,BOYACA,NO,0.44020000000000004
PAJARITO,BOYACA,SÍ,0.3696
PAJARITO,BOYACA,NO,0.6303
PANQUEBA,BOYACA,SÍ,0.4596
PANQUEBA,BOYACA,NO,0.5403
PAUNA,BOYACA,SÍ,0.6547
PAUNA,BOYACA,NO,0.3452
PAYA,BOYACA,SÍ,0.4551
PAYA,BOYACA,NO,0.5448
PAZ DE RIO,BOYACA,SÍ,0.664
PAZ DE RIO,BOYACA,NO,0.33590000000000003
PESCA,BOYACA,SÍ,0.40090000000000003
PESCA,BOYACA,NO,0.599
PISBA,BOYACA,SÍ,0.43229999999999996
PISBA,BOYACA,NO,0.5676
PUERTO BOYACA,BOYACA,SÍ,0.30760000000000004
PUERTO BOYACA,BOYACA,NO,0.6923
QUIPAMA,BOYACA,SÍ,0.374
QUIPAMA,BOYACA,NO,0.6259
RAMIRIQUI,BOYACA,SÍ,0.5364
RAMIRIQUI,BOYACA,NO,0.4635
RAQUIRA,BOYACA,SÍ,0.4891
RAQUIRA,BOYACA,NO,0.5108
RONDON,BOYACA,SÍ,0.524
RONDON,BOYACA,NO,0.47590000000000005
SABOYA,BOYACA,SÍ,0.6424
SABOYA,BOYACA,NO,0.3575
SACHICA,BOYACA,SÍ,0.5294
SACHICA,BOYACA,NO,0.4705
SAMACA,BOYACA,SÍ,0.5003
SAMACA,BOYACA,NO,0.4996
SAN EDUARDO,BOYACA,SÍ,0.6391
SAN EDUARDO,BOYACA,NO,0.3608
SAN JOSE DE PARE,BOYACA,SÍ,0.5284
SAN JOSE DE PARE,BOYACA,NO,0.4715
SAN LUIS DE GACENO,BOYACA,SÍ,0.3611
SAN LUIS DE GACENO,BOYACA,NO,0.6388
SAN MATEO,BOYACA,SÍ,0.3382
SAN MATEO,BOYACA,NO,0.6617000000000001
SAN MIGUEL DE SEMA,BOYACA,SÍ,0.4825
SAN MIGUEL DE SEMA,BOYACA,NO,0.5174
SAN PABLO DE BORBUR,BOYACA,SÍ,0.3191
SAN PABLO DE BORBUR,BOYACA,NO,0.6808
SANTA MARIA,BOYACA,SÍ,0.39759999999999995
SANTA MARIA,BOYACA,NO,0.6023
SANTA ROSA DE VITERBO,BOYACA,SÍ,0.4282
SANTA ROSA DE VITERBO,BOYACA,NO,0.5717
SANTA SOFIA,BOYACA,SÍ,0.6189
SANTA SOFIA,BOYACA,NO,0.381
SANTANA,BOYACA,SÍ,0.5168
SANTANA,BOYACA,NO,0.48310000000000003
SATIVANORTE,BOYACA,SÍ,0.5074000000000001
SATIVANORTE,BOYACA,NO,0.4925
SATIVASUR,BOYACA,SÍ,0.5309
SATIVASUR,BOYACA,NO,0.469
SIACHOQUE,BOYACA,SÍ,0.34869999999999995
SIACHOQUE,BOYACA,NO,0.6512
SOATA,BOYACA,SÍ,0.42340000000000005
SOATA,BOYACA,NO,0.5765
SOCHA,BOYACA,SÍ,0.49520000000000003
SOCHA,BOYACA,NO,0.5047
SOCOTA,BOYACA,SÍ,0.3945
SOCOTA,BOYACA,NO,0.6053999999999999
SOGAMOSO,BOYACA,SÍ,0.4926
SOGAMOSO,BOYACA,NO,0.5073
SOMONDOCO,BOYACA,SÍ,0.6059
SOMONDOCO,BOYACA,NO,0.39399999999999996
SORA,BOYACA,SÍ,0.5991
SORA,BOYACA,NO,0.4008
SORACA,BOYACA,SÍ,0.3319
SORACA,BOYACA,NO,0.6679999999999999
SOTAQUIRA,BOYACA,SÍ,0.5151
SOTAQUIRA,BOYACA,NO,0.48479999999999995
SUSACON,BOYACA,SÍ,0.6309
SUSACON,BOYACA,NO,0.369
SUTAMARCHAN,BOYACA,SÍ,0.5487
SUTAMARCHAN,BOYACA,NO,0.4512
SUTATENZA,BOYACA,SÍ,0.4803
SUTATENZA,BOYACA,NO,0.5196000000000001
TASCO,BOYACA,SÍ,0.5875
TASCO,BOYACA,NO,0.41240000000000004
TENZA,BOYACA,SÍ,0.6345000000000001
TENZA,BOYACA,NO,0.3654
TIBANA,BOYACA,SÍ,0.6393
TIBANA,BOYACA,NO,0.36060000000000003
TIBASOSA,BOYACA,SÍ,0.5222
TIBASOSA,BOYACA,NO,0.4777
TINJACA,BOYACA,SÍ,0.5558
TINJACA,BOYACA,NO,0.44409999999999994
TIPACOQUE,BOYACA,SÍ,0.5171
TIPACOQUE,BOYACA,NO,0.4828
TOCA,BOYACA,SÍ,0.4865
TOCA,BOYACA,NO,0.5134000000000001
TOGUI,BOYACA,SÍ,0.5572
TOGUI,BOYACA,NO,0.44270000000000004
TOPAGA,BOYACA,SÍ,0.41159999999999997
TOPAGA,BOYACA,NO,0.5882999999999999
TOTA,BOYACA,SÍ,0.3502
TOTA,BOYACA,NO,0.6496999999999999
TUNJA,BOYACA,SÍ,0.5661999999999999
TUNJA,BOYACA,NO,0.4337
TUNUNGUA,BOYACA,SÍ,0.718
TUNUNGUA,BOYACA,NO,0.28190000000000004
TURMEQUE,BOYACA,SÍ,0.6714
TURMEQUE,BOYACA,NO,0.3285
TUTA,BOYACA,SÍ,0.5064
TUTA,BOYACA,NO,0.4935
TUTAZA,BOYACA,SÍ,0.5442
TUTAZA,BOYACA,NO,0.4557
UMBITA,BOYACA,SÍ,0.4446
UMBITA,BOYACA,NO,0.5553
VENTAQUEMADA,BOYACA,SÍ,0.48109999999999997
VENTAQUEMADA,BOYACA,NO,0.5188
VILLA DE LEIVA,BOYACA,SÍ,0.5179
VILLA DE LEIVA,BOYACA,NO,0.48200000000000004
VIRACACHA,BOYACA,SÍ,0.4314
VIRACACHA,BOYACA,NO,0.5685
ZETAQUIRA,BOYACA,SÍ,0.6579
ZETAQUIRA,BOYACA,NO,0.342
AGUADAS,CALDAS,SÍ,0.2915
AGUADAS,CALDAS,NO,0.7084
ANSERMA,CALDAS,SÍ,0.3111
ANSERMA,CALDAS,NO,0.6888
ARANZAZU,CALDAS,SÍ,0.395
ARANZAZU,CALDAS,NO,0.6049
BELALCAZAR,CALDAS,SÍ,0.4183
BELALCAZAR,CALDAS,NO,0.5816
CHINCHINA,CALDAS,SÍ,0.3697
CHINCHINA,CALDAS,NO,0.6302
FILADELFIA,CALDAS,SÍ,0.4336
FILADELFIA,CALDAS,NO,0.5663
LA DORADA,CALDAS,SÍ,0.3375
LA DORADA,CALDAS,NO,0.6624
LA MERCED,CALDAS,SÍ,0.4387
LA MERCED,CALDAS,NO,0.5611999999999999
MANIZALES,CALDAS,SÍ,0.49060000000000004
MANIZALES,CALDAS,NO,0.5093
MANZANARES,CALDAS,SÍ,0.3604
MANZANARES,CALDAS,NO,0.6395000000000001
MARMATO,CALDAS,SÍ,0.312
MARMATO,CALDAS,NO,0.6879000000000001
MARQUETALIA,CALDAS,SÍ,0.3743
MARQUETALIA,CALDAS,NO,0.6256
MARULANDA,CALDAS,SÍ,0.4974
MARULANDA,CALDAS,NO,0.5025
NEIRA,CALDAS,SÍ,0.35259999999999997
NEIRA,CALDAS,NO,0.6473
NORCASIA,CALDAS,SÍ,0.43450000000000005
NORCASIA,CALDAS,NO,0.5654
PACORA,CALDAS,SÍ,0.36210000000000003
PACORA,CALDAS,NO,0.6378
PALESTINA,CALDAS,SÍ,0.42619999999999997
PALESTINA,CALDAS,NO,0.5737
PENSILVANIA,CALDAS,SÍ,0.32189999999999996
PENSILVANIA,CALDAS,NO,0.6779999999999999
RIOSUCIO,CALDAS,SÍ,0.4194
RIOSUCIO,CALDAS,NO,0.5805
RISARALDA,CALDAS,SÍ,0.3218
RISARALDA,CALDAS,NO,0.6781
SALAMINA,CALDAS,SÍ,0.4096
SALAMINA,CALDAS,NO,0.5903
SAMANA,CALDAS,SÍ,0.4447
SAMANA,CALDAS,NO,0.5552
SAN JOSE,CALDAS,SÍ,0.4326
SAN JOSE,CALDAS,NO,0.5672999999999999
SUPIA,CALDAS,SÍ,0.3257
SUPIA,CALDAS,NO,0.6742
VICTORIA,CALDAS,SÍ,0.41850000000000004
VICTORIA,CALDAS,NO,0.5814
VILLAMARIA,CALDAS,SÍ,0.43229999999999996
VILLAMARIA,CALDAS,NO,0.5676
VITERBO,CALDAS,SÍ,0.2686
VITERBO,CALDAS,NO,0.7313
ALBANIA,CAQUETA,SÍ,0.3457
ALBANIA,CAQUETA,NO,0.6542
BELEN DE LOS ANDAQUIES,CAQUETA,SÍ,0.3996
BELEN DE LOS ANDAQUIES,CAQUETA,NO,0.6003000000000001
CARTAGENA DEL CHAIRA,CAQUETA,SÍ,0.7375
CARTAGENA DEL CHAIRA,CAQUETA,NO,0.26239999999999997
CURILLO,CAQUETA,SÍ,0.4093
CURILLO,CAQUETA,NO,0.5906
EL DONCELLO,CAQUETA,SÍ,0.3881
EL DONCELLO,CAQUETA,NO,0.6118
EL PAUJIL,CAQUETA,SÍ,0.4456
EL PAUJIL,CAQUETA,NO,0.5543
FLORENCIA,CAQUETA,SÍ,0.38549999999999995
FLORENCIA,CAQUETA,NO,0.6144
LA MONTAÑITA,CAQUETA,SÍ,0.7422
LA MONTAÑITA,CAQUETA,NO,0.2577
MILAN,CAQUETA,SÍ,0.5597
MILAN,CAQUETA,NO,0.44020000000000004
MORELIA,CAQUETA,SÍ,0.3461
MORELIA,CAQUETA,NO,0.6537999999999999
PUERTO RICO,CAQUETA,SÍ,0.49979999999999997
PUERTO RICO,CAQUETA,NO,0.5001
SAN JOSE DEL FRAGUA,CAQUETA,SÍ,0.39640000000000003
SAN JOSE DEL FRAGUA,CAQUETA,NO,0.6035
SAN VICENTE DEL CAGUAN,CAQUETA,SÍ,0.6293
SAN VICENTE DEL CAGUAN,CAQUETA,NO,0.37060000000000004
SOLANO,CAQUETA,SÍ,0.7659999999999999
SOLANO,CAQUETA,NO,0.2339
SOLITA,CAQUETA,SÍ,0.3757
SOLITA,CAQUETA,NO,0.6242
VALPARAISO,CAQUETA,SÍ,0.47350000000000003
VALPARAISO,CAQUETA,NO,0.5264
AGUAZUL,CASANARE,SÍ,0.299
AGUAZUL,CASANARE,NO,0.7009000000000001
CHAMEZA,CASANARE,SÍ,0.7098
CHAMEZA,CASANARE,NO,0.2901
HATO COROZAL,CASANARE,SÍ,0.2169
HATO COROZAL,CASANARE,NO,0.7829999999999999
LA SALINA,CASANARE,SÍ,0.8845999999999999
LA SALINA,CASANARE,NO,0.1153
MANI,CASANARE,SÍ,0.30879999999999996
MANI,CASANARE,NO,0.6911
MONTERREY,CASANARE,SÍ,0.2907
MONTERREY,CASANARE,NO,0.7092
NUNCHIA,CASANARE,SÍ,0.203
NUNCHIA,CASANARE,NO,0.7968999999999999
OROCUE,CASANARE,SÍ,0.39630000000000004
OROCUE,CASANARE,NO,0.6036
PAZ DE ARIPORO (MORENO),CASANARE,SÍ,0.23309999999999997
PAZ DE ARIPORO (MORENO),CASANARE,NO,0.7668
PORE,CASANARE,SÍ,0.1978
PORE,CASANARE,NO,0.8020999999999999
RECETOR,CASANARE,SÍ,0.5249
RECETOR,CASANARE,NO,0.475
SABANALARGA,CASANARE,SÍ,0.5059
SABANALARGA,CASANARE,NO,0.494
SACAMA,CASANARE,SÍ,0.853
SACAMA,CASANARE,NO,0.1469
SAN LUIS DE PALENQUE,CASANARE,SÍ,0.21600000000000003
SAN LUIS DE PALENQUE,CASANARE,NO,0.7839
TAMARA,CASANARE,SÍ,0.2811
TAMARA,CASANARE,NO,0.7188
TAURAMENA,CASANARE,SÍ,0.26780000000000004
TAURAMENA,CASANARE,NO,0.7321
TRINIDAD,CASANARE,SÍ,0.1985
TRINIDAD,CASANARE,NO,0.8014
VILLANUEVA,CASANARE,SÍ,0.3012
VILLANUEVA,CASANARE,NO,0.6987000000000001
YOPAL,CASANARE,SÍ,0.2851
YOPAL,CASANARE,NO,0.7148
ALMAGUER,CAUCA,SÍ,0.8344
ALMAGUER,CAUCA,NO,0.1655
ARGELIA,CAUCA,SÍ,0.8854000000000001
ARGELIA,CAUCA,NO,0.11449999999999999
BALBOA,CAUCA,SÍ,0.8582
BALBOA,CAUCA,NO,0.1417
BOLIVAR,CAUCA,SÍ,0.6537000000000001
BOLIVAR,CAUCA,NO,0.34619999999999995
BUENOS AIRES,CAUCA,SÍ,0.7215
BUENOS AIRES,CAUCA,NO,0.2784
CAJIBIO,CAUCA,SÍ,0.7108
CAJIBIO,CAUCA,NO,0.2891
CALDONO,CAUCA,SÍ,0.7984
CALDONO,CAUCA,NO,0.20149999999999998
CALOTO,CAUCA,SÍ,0.7290000000000001
CALOTO,CAUCA,NO,0.2709
CORINTO,CAUCA,SÍ,0.6922
CORINTO,CAUCA,NO,0.3077
EL TAMBO,CAUCA,SÍ,0.5882000000000001
EL TAMBO,CAUCA,NO,0.4117
FLORENCIA,CAUCA,SÍ,0.7463
FLORENCIA,CAUCA,NO,0.2536
GUACHENE,CAUCA,SÍ,0.7143999999999999
GUACHENE,CAUCA,NO,0.28550000000000003
GUAPI,CAUCA,SÍ,0.9309000000000001
GUAPI,CAUCA,NO,0.069
INZA,CAUCA,SÍ,0.7381
INZA,CAUCA,NO,0.2618
JAMBALO,CAUCA,SÍ,0.8626999999999999
JAMBALO,CAUCA,NO,0.13720000000000002
LA SIERRA,CAUCA,SÍ,0.6071
LA SIERRA,CAUCA,NO,0.39280000000000004
LA VEGA,CAUCA,SÍ,0.774
LA VEGA,CAUCA,NO,0.2259
LOPEZ (MICAY),CAUCA,SÍ,0.9375
LOPEZ (MICAY),CAUCA,NO,0.062400000000000004
MERCADERES,CAUCA,SÍ,0.7655
MERCADERES,CAUCA,NO,0.23440000000000003
MIRANDA,CAUCA,SÍ,0.6371
MIRANDA,CAUCA,NO,0.3628
MORALES,CAUCA,SÍ,0.6093999999999999
MORALES,CAUCA,NO,0.39049999999999996
PADILLA,CAUCA,SÍ,0.7501000000000001
PADILLA,CAUCA,NO,0.2498
PAEZ (BELALCAZAR),CAUCA,SÍ,0.7226
PAEZ (BELALCAZAR),CAUCA,NO,0.2773
PATIA (EL BORDO),CAUCA,SÍ,0.7209
PATIA (EL BORDO),CAUCA,NO,0.27899999999999997
PIAMONTE,CAUCA,SÍ,0.6693000000000001
PIAMONTE,CAUCA,NO,0.3306
PIENDAMO,CAUCA,SÍ,0.5329999999999999
PIENDAMO,CAUCA,NO,0.4669
POPAYAN,CAUCA,SÍ,0.5887
POPAYAN,CAUCA,NO,0.41119999999999995
PUERTO TEJADA,CAUCA,SÍ,0.6729
PUERTO TEJADA,CAUCA,NO,0.327
PURACE (COCONUCO),CAUCA,SÍ,0.6394
PURACE (COCONUCO),CAUCA,NO,0.3605
ROSAS,CAUCA,SÍ,0.597
ROSAS,CAUCA,NO,0.4029
SAN SEBASTIAN,CAUCA,SÍ,0.7897
SAN SEBASTIAN,CAUCA,NO,0.2102
SANTA ROSA,CAUCA,SÍ,0.6514
SANTA ROSA,CAUCA,NO,0.34850000000000003
SANTANDER DE QUILICHAO,CAUCA,SÍ,0.5777
SANTANDER DE QUILICHAO,CAUCA,NO,0.42219999999999996
SILVIA,CAUCA,SÍ,0.7625
SILVIA,CAUCA,NO,0.23739999999999997
SOTARA (PAISPAMBA),CAUCA,SÍ,0.6843
SOTARA (PAISPAMBA),CAUCA,NO,0.3156
SUAREZ,CAUCA,SÍ,0.6704000000000001
SUAREZ,CAUCA,NO,0.3295
SUCRE,CAUCA,SÍ,0.8234
SUCRE,CAUCA,NO,0.1765
TIMBIO,CAUCA,SÍ,0.5543
TIMBIO,CAUCA,NO,0.4456
TIMBIQUI,CAUCA,SÍ,0.9408
TIMBIQUI,CAUCA,NO,0.0591
TORIBIO,CAUCA,SÍ,0.848
TORIBIO,CAUCA,NO,0.1519
TOTORO,CAUCA,SÍ,0.7473000000000001
TOTORO,CAUCA,NO,0.2526
VILLA RICA,CAUCA,SÍ,0.6976
VILLA RICA,CAUCA,NO,0.3023
AGUACHICA,CESAR,SÍ,0.3078
AGUACHICA,CESAR,NO,0.6920999999999999
AGUSTIN CODAZZI,CESAR,SÍ,0.48369999999999996
AGUSTIN CODAZZI,CESAR,NO,0.5162
ASTREA,CESAR,SÍ,0.5277000000000001
ASTREA,CESAR,NO,0.4722
BECERRIL,CESAR,SÍ,0.6063000000000001
BECERRIL,CESAR,NO,0.3936
BOSCONIA,CESAR,SÍ,0.5808
BOSCONIA,CESAR,NO,0.4191
CHIMICHAGUA,CESAR,SÍ,0.54
CHIMICHAGUA,CESAR,NO,0.45990000000000003
CHIRIGUANA,CESAR,SÍ,0.5908
CHIRIGUANA,CESAR,NO,0.40909999999999996
CURUMANI,CESAR,SÍ,0.5921
CURUMANI,CESAR,NO,0.4078
EL COPEY,CESAR,SÍ,0.6459
EL COPEY,CESAR,NO,0.354
EL PASO,CESAR,SÍ,0.6399
EL PASO,CESAR,NO,0.36
GAMARRA,CESAR,SÍ,0.47509999999999997
GAMARRA,CESAR,NO,0.5247999999999999
GONZALEZ,CESAR,SÍ,0.5205
GONZALEZ,CESAR,NO,0.4794
LA GLORIA,CESAR,SÍ,0.5143
LA GLORIA,CESAR,NO,0.48560000000000003
LA JAGUA DE IBIRICO,CESAR,SÍ,0.5411
LA JAGUA DE IBIRICO,CESAR,NO,0.45880000000000004
LA PAZ,CESAR,SÍ,0.5772999999999999
LA PAZ,CESAR,NO,0.4226
MANAURE BALCON DEL CESAR (MANA,CESAR,SÍ,0.6133
MANAURE BALCON DEL CESAR (MANA,CESAR,NO,0.38659999999999994
PAILITAS,CESAR,SÍ,0.5966
PAILITAS,CESAR,NO,0.4033
PELAYA,CESAR,SÍ,0.4797
PELAYA,CESAR,NO,0.5202
PUEBLO BELLO,CESAR,SÍ,0.6848000000000001
PUEBLO BELLO,CESAR,NO,0.3151
RIO DE ORO,CESAR,SÍ,0.3732
RIO DE ORO,CESAR,NO,0.6267
SAN ALBERTO,CESAR,SÍ,0.3784
SAN ALBERTO,CESAR,NO,0.6214999999999999
SAN DIEGO,CESAR,SÍ,0.6144
SAN DIEGO,CESAR,NO,0.38549999999999995
SAN MARTIN,CESAR,SÍ,0.348
SAN MARTIN,CESAR,NO,0.6518999999999999
TAMALAMEQUE,CESAR,SÍ,0.6757
TAMALAMEQUE,CESAR,NO,0.32420000000000004
VALLEDUPAR,CESAR,SÍ,0.5169
VALLEDUPAR,CESAR,NO,0.483
ACANDI,CHOCO,SÍ,0.7637
ACANDI,CHOCO,NO,0.23620000000000002
ALTO BAUDO (PIE DE PATO),CHOCO,SÍ,0.9262999999999999
ALTO BAUDO (PIE DE PATO),CHOCO,NO,0.0736
ATRATO (YUTO),CHOCO,SÍ,0.8049
ATRATO (YUTO),CHOCO,NO,0.195
BAGADO,CHOCO,SÍ,0.9203
BAGADO,CHOCO,NO,0.0796
BAHIA SOLANO (MUTIS),CHOCO,SÍ,0.8312999999999999
BAHIA SOLANO (MUTIS),CHOCO,NO,0.1686
BAJO BAUDO (PIZARRO),CHOCO,SÍ,0.9216
BAJO BAUDO (PIZARRO),CHOCO,NO,0.0783
BOJAYA (BELLAVISTA),CHOCO,SÍ,0.9578
BOJAYA (BELLAVISTA),CHOCO,NO,0.0421
CARMEN DEL DARIEN,CHOCO,SÍ,0.9569
CARMEN DEL DARIEN,CHOCO,NO,0.043
CERTEGUI,CHOCO,SÍ,0.7641
CERTEGUI,CHOCO,NO,0.23579999999999998
CONDOTO,CHOCO,SÍ,0.7268000000000001
CONDOTO,CHOCO,NO,0.2731
EL CANTON DEL SAN PABLO (MAN.,CHOCO,SÍ,0.7489
EL CANTON DEL SAN PABLO (MAN.,CHOCO,NO,0.251
EL CARMEN,CHOCO,SÍ,0.5638000000000001
EL CARMEN,CHOCO,NO,0.4361
EL LITORAL DEL SAN JUAN,CHOCO,SÍ,0.9489
EL LITORAL DEL SAN JUAN,CHOCO,NO,0.051
ISTMINA,CHOCO,SÍ,0.7038
ISTMINA,CHOCO,NO,0.2961
JURADO,CHOCO,SÍ,0.8011
JURADO,CHOCO,NO,0.19879999999999998
LLORO,CHOCO,SÍ,0.8301999999999999
LLORO,CHOCO,NO,0.1697
MEDIO ATRATO (BETE),CHOCO,SÍ,0.9584
MEDIO ATRATO (BETE),CHOCO,NO,0.0415
MEDIO BAUDO (PUERTO MELUK),CHOCO,SÍ,0.9319
MEDIO BAUDO (PUERTO MELUK),CHOCO,NO,0.068
MEDIO SAN JUAN,CHOCO,SÍ,0.8625
MEDIO SAN JUAN,CHOCO,NO,0.1374
NOVITA,CHOCO,SÍ,0.7412000000000001
NOVITA,CHOCO,NO,0.2587
NUQUI,CHOCO,SÍ,0.9320999999999999
NUQUI,CHOCO,NO,0.0678
QUIBDO,CHOCO,SÍ,0.7389
QUIBDO,CHOCO,NO,0.261
RIO IRO,CHOCO,SÍ,0.9115000000000001
RIO IRO,CHOCO,NO,0.08839999999999999
RIO QUITO (PAIMADO),CHOCO,SÍ,0.7726999999999999
RIO QUITO (PAIMADO),CHOCO,NO,0.22719999999999999
RIOSUCIO,CHOCO,SÍ,0.9093000000000001
RIOSUCIO,CHOCO,NO,0.0906
SAN JOSE DEL PALMAR,CHOCO,SÍ,0.7015
SAN JOSE DEL PALMAR,CHOCO,NO,0.2984
SIPI,CHOCO,SÍ,0.8753
SIPI,CHOCO,NO,0.1246
TADO,CHOCO,SÍ,0.6956
TADO,CHOCO,NO,0.3043
UNGUIA,CHOCO,SÍ,0.6595
UNGUIA,CHOCO,NO,0.3404
UNION PANAMERICANA (LAS ANIMAS,CHOCO,SÍ,0.7865000000000001
UNION PANAMERICANA (LAS ANIMAS,CHOCO,NO,0.2134
AYAPEL,CORDOBA,SÍ,0.5917
AYAPEL,CORDOBA,NO,0.4082
BUENAVISTA,CORDOBA,SÍ,0.7242000000000001
BUENAVISTA,CORDOBA,NO,0.2757
CANALETE,CORDOBA,SÍ,0.7726000000000001
CANALETE,CORDOBA,NO,0.2273
CERETE,CORDOBA,SÍ,0.5123
CERETE,CORDOBA,NO,0.4876
CHIMA,CORDOBA,SÍ,0.7212999999999999
CHIMA,CORDOBA,NO,0.2786
CHINU,CORDOBA,SÍ,0.5034000000000001
CHINU,CORDOBA,NO,0.4965
CIENAGA DE ORO,CORDOBA,SÍ,0.6301
CIENAGA DE ORO,CORDOBA,NO,0.36979999999999996
COTORRA (BONGO),CORDOBA,SÍ,0.6552
COTORRA (BONGO),CORDOBA,NO,0.3447
LA APARTADA (FRONTERA),CORDOBA,SÍ,0.6758
LA APARTADA (FRONTERA),CORDOBA,NO,0.32409999999999994
LORICA,CORDOBA,SÍ,0.6767
LORICA,CORDOBA,NO,0.3232
LOS CORDOBAS,CORDOBA,SÍ,0.7775
LOS CORDOBAS,CORDOBA,NO,0.2224
MOMIL,CORDOBA,SÍ,0.6786
MOMIL,CORDOBA,NO,0.32130000000000003
MONTELIBANO,CORDOBA,SÍ,0.5817
MONTELIBANO,CORDOBA,NO,0.4182
MONTERIA,CORDOBA,SÍ,0.4802
MONTERIA,CORDOBA,NO,0.5196999999999999
MOÑITOS,CORDOBA,SÍ,0.7951
MOÑITOS,CORDOBA,NO,0.2048
PLANETA RICA,CORDOBA,SÍ,0.5815
PLANETA RICA,CORDOBA,NO,0.41840000000000005
PUEBLO NUEVO,CORDOBA,SÍ,0.6678000000000001
PUEBLO NUEVO,CORDOBA,NO,0.3321
PUERTO ESCONDIDO,CORDOBA,SÍ,0.7736
PUERTO ESCONDIDO,CORDOBA,NO,0.2263
PUERTO LIBERTADOR,CORDOBA,SÍ,0.7592
PUERTO LIBERTADOR,CORDOBA,NO,0.2407
PURISIMA,CORDOBA,SÍ,0.5257999999999999
PURISIMA,CORDOBA,NO,0.47409999999999997
SAHAGUN,CORDOBA,SÍ,0.6282
SAHAGUN,CORDOBA,NO,0.37170000000000003
SAN ANDRES DE SOTAVENTO,CORDOBA,SÍ,0.7298
SAN ANDRES DE SOTAVENTO,CORDOBA,NO,0.2701
SAN ANTERO,CORDOBA,SÍ,0.6255
SAN ANTERO,CORDOBA,NO,0.37439999999999996
SAN BERNARDO DEL VIENTO,CORDOBA,SÍ,0.8017
SAN BERNARDO DEL VIENTO,CORDOBA,NO,0.19820000000000002
SAN CARLOS,CORDOBA,SÍ,0.5871999999999999
SAN CARLOS,CORDOBA,NO,0.4127
SAN JOSE DE URE,CORDOBA,SÍ,0.8098000000000001
SAN JOSE DE URE,CORDOBA,NO,0.19010000000000002
SAN PELAYO,CORDOBA,SÍ,0.6715000000000001
SAN PELAYO,CORDOBA,NO,0.3284
TIERRALTA,CORDOBA,SÍ,0.6976
TIERRALTA,CORDOBA,NO,0.3023
TUCHIN,CORDOBA,SÍ,0.6812
TUCHIN,CORDOBA,NO,0.3187
VALENCIA,CORDOBA,SÍ,0.6868000000000001
VALENCIA,CORDOBA,NO,0.3131
AGUA DE DIOS,CUNDINAMARCA,SÍ,0.4486
AGUA DE DIOS,CUNDINAMARCA,NO,0.5513
ALBAN,CUNDINAMARCA,SÍ,0.3895
ALBAN,CUNDINAMARCA,NO,0.6103999999999999
ANAPOIMA,CUNDINAMARCA,SÍ,0.44880000000000003
ANAPOIMA,CUNDINAMARCA,NO,0.5511
ANOLAIMA,CUNDINAMARCA,SÍ,0.4082
ANOLAIMA,CUNDINAMARCA,NO,0.5917
APULO,CUNDINAMARCA,SÍ,0.5015
APULO,CUNDINAMARCA,NO,0.4984
ARBELAEZ,CUNDINAMARCA,SÍ,0.389
ARBELAEZ,CUNDINAMARCA,NO,0.6109
BELTRAN,CUNDINAMARCA,SÍ,0.49689999999999995
BELTRAN,CUNDINAMARCA,NO,0.503
BITUIMA,CUNDINAMARCA,SÍ,0.5341
BITUIMA,CUNDINAMARCA,NO,0.4658
BOJACA,CUNDINAMARCA,SÍ,0.3982
BOJACA,CUNDINAMARCA,NO,0.6017
CABRERA,CUNDINAMARCA,SÍ,0.7412000000000001
CABRERA,CUNDINAMARCA,NO,0.2587
CACHIPAY,CUNDINAMARCA,SÍ,0.48979999999999996
CACHIPAY,CUNDINAMARCA,NO,0.5101
CAJICA,CUNDINAMARCA,SÍ,0.4567
CAJICA,CUNDINAMARCA,NO,0.5432
CAPARRAPI,CUNDINAMARCA,SÍ,0.3604
CAPARRAPI,CUNDINAMARCA,NO,0.6395000000000001
CAQUEZA,CUNDINAMARCA,SÍ,0.3709
CAQUEZA,CUNDINAMARCA,NO,0.629
CARMEN DE CARUPA,CUNDINAMARCA,SÍ,0.37729999999999997
CARMEN DE CARUPA,CUNDINAMARCA,NO,0.6225999999999999
CHAGUANI,CUNDINAMARCA,SÍ,0.5065
CHAGUANI,CUNDINAMARCA,NO,0.49340000000000006
CHIA,CUNDINAMARCA,SÍ,0.5
CHIA,CUNDINAMARCA,NO,0.4999
CHIPAQUE,CUNDINAMARCA,SÍ,0.31
CHIPAQUE,CUNDINAMARCA,NO,0.6899
CHOACHI,CUNDINAMARCA,SÍ,0.3408
CHOACHI,CUNDINAMARCA,NO,0.6591
CHOCONTA,CUNDINAMARCA,SÍ,0.3632
CHOCONTA,CUNDINAMARCA,NO,0.6367
COGUA,CUNDINAMARCA,SÍ,0.4054
COGUA,CUNDINAMARCA,NO,0.5945
COTA,CUNDINAMARCA,SÍ,0.4597
COTA,CUNDINAMARCA,NO,0.5402
CUCUNUBA,CUNDINAMARCA,SÍ,0.3468
CUCUNUBA,CUNDINAMARCA,NO,0.6531
EL COLEGIO,CUNDINAMARCA,SÍ,0.4472
EL COLEGIO,CUNDINAMARCA,NO,0.5527000000000001
EL PEÑON,CUNDINAMARCA,SÍ,0.3917
EL PEÑON,CUNDINAMARCA,NO,0.6082
EL ROSAL,CUNDINAMARCA,SÍ,0.322
EL ROSAL,CUNDINAMARCA,NO,0.6779000000000001
FACATATIVA,CUNDINAMARCA,SÍ,0.4111
FACATATIVA,CUNDINAMARCA,NO,0.5888
FOMEQUE,CUNDINAMARCA,SÍ,0.2884
FOMEQUE,CUNDINAMARCA,NO,0.7115
FOSCA,CUNDINAMARCA,SÍ,0.2186
FOSCA,CUNDINAMARCA,NO,0.7813
FUNZA,CUNDINAMARCA,SÍ,0.4387
FUNZA,CUNDINAMARCA,NO,0.5611999999999999
FUQUENE,CUNDINAMARCA,SÍ,0.4828
FUQUENE,CUNDINAMARCA,NO,0.5171
FUSAGASUGA,CUNDINAMARCA,SÍ,0.434
FUSAGASUGA,CUNDINAMARCA,NO,0.5659000000000001
GACHALA,CUNDINAMARCA,SÍ,0.4813
GACHALA,CUNDINAMARCA,NO,0.5186
GACHANCIPA,CUNDINAMARCA,SÍ,0.3789
GACHANCIPA,CUNDINAMARCA,NO,0.621
GACHETA,CUNDINAMARCA,SÍ,0.3444
GACHETA,CUNDINAMARCA,NO,0.6555
GAMA,CUNDINAMARCA,SÍ,0.46990000000000004
GAMA,CUNDINAMARCA,NO,0.53
GIRARDOT,CUNDINAMARCA,SÍ,0.36869999999999997
GIRARDOT,CUNDINAMARCA,NO,0.6312
GRANADA,CUNDINAMARCA,SÍ,0.466
GRANADA,CUNDINAMARCA,NO,0.5339
GUACHETA,CUNDINAMARCA,SÍ,0.4155
GUACHETA,CUNDINAMARCA,NO,0.5844
GUADUAS,CUNDINAMARCA,SÍ,0.41100000000000003
GUADUAS,CUNDINAMARCA,NO,0.5889
GUASCA,CUNDINAMARCA,SÍ,0.35409999999999997
GUASCA,CUNDINAMARCA,NO,0.6457999999999999
GUATAQUI,CUNDINAMARCA,SÍ,0.5669
GUATAQUI,CUNDINAMARCA,NO,0.433
GUATAVITA,CUNDINAMARCA,SÍ,0.38799999999999996
GUATAVITA,CUNDINAMARCA,NO,0.6119
GUAYABAL DE SIQUIMA,CUNDINAMARCA,SÍ,0.49340000000000006
GUAYABAL DE SIQUIMA,CUNDINAMARCA,NO,0.5065
GUAYABETAL,CUNDINAMARCA,SÍ,0.2586
GUAYABETAL,CUNDINAMARCA,NO,0.7413
GUTIERREZ,CUNDINAMARCA,SÍ,0.3661
GUTIERREZ,CUNDINAMARCA,NO,0.6338
JERUSALEN,CUNDINAMARCA,SÍ,0.5478999999999999
JERUSALEN,CUNDINAMARCA,NO,0.452
JUNIN,CUNDINAMARCA,SÍ,0.40409999999999996
JUNIN,CUNDINAMARCA,NO,0.5958
LA CALERA,CUNDINAMARCA,SÍ,0.5337
LA CALERA,CUNDINAMARCA,NO,0.46619999999999995
LA MESA,CUNDINAMARCA,SÍ,0.5036999999999999
LA MESA,CUNDINAMARCA,NO,0.4962
LA PALMA,CUNDINAMARCA,SÍ,0.6117
LA PALMA,CUNDINAMARCA,NO,0.3882
LA PEÑA,CUNDINAMARCA,SÍ,0.2554
LA PEÑA,CUNDINAMARCA,NO,0.7445
LA VEGA,CUNDINAMARCA,SÍ,0.4568
LA VEGA,CUNDINAMARCA,NO,0.5431
LENGUAZAQUE,CUNDINAMARCA,SÍ,0.3975
LENGUAZAQUE,CUNDINAMARCA,NO,0.6024
MACHETA,CUNDINAMARCA,SÍ,0.4305
MACHETA,CUNDINAMARCA,NO,0.5694
MADRID,CUNDINAMARCA,SÍ,0.3775
MADRID,CUNDINAMARCA,NO,0.6224000000000001
MANTA,CUNDINAMARCA,SÍ,0.5023
MANTA,CUNDINAMARCA,NO,0.4976
MEDINA,CUNDINAMARCA,SÍ,0.3543
MEDINA,CUNDINAMARCA,NO,0.6456000000000001
MOSQUERA,CUNDINAMARCA,SÍ,0.4412
MOSQUERA,CUNDINAMARCA,NO,0.5587
"NARIÑO",CUNDINAMARCA,SÍ,0.4763
"NARIÑO",CUNDINAMARCA,NO,0.5236
NEMOCON,CUNDINAMARCA,SÍ,0.3675
NEMOCON,CUNDINAMARCA,NO,0.6324000000000001
NILO,CUNDINAMARCA,SÍ,0.5579
NILO,CUNDINAMARCA,NO,0.442
NIMAIMA,CUNDINAMARCA,SÍ,0.41859999999999997
NIMAIMA,CUNDINAMARCA,NO,0.5813
NOCAIMA,CUNDINAMARCA,SÍ,0.5855
NOCAIMA,CUNDINAMARCA,NO,0.4144
PACHO,CUNDINAMARCA,SÍ,0.48479999999999995
PACHO,CUNDINAMARCA,NO,0.5151
PAIME,CUNDINAMARCA,SÍ,0.5253
PAIME,CUNDINAMARCA,NO,0.4746
PANDI,CUNDINAMARCA,SÍ,0.5373
PANDI,CUNDINAMARCA,NO,0.46259999999999996
PARATEBUENO (LA NAGUAYA),CUNDINAMARCA,SÍ,0.4122
PARATEBUENO (LA NAGUAYA),CUNDINAMARCA,NO,0.5877
PASCA,CUNDINAMARCA,SÍ,0.5711999999999999
PASCA,CUNDINAMARCA,NO,0.42869999999999997
PUERTO SALGAR,CUNDINAMARCA,SÍ,0.3325
PUERTO SALGAR,CUNDINAMARCA,NO,0.6674
PULI,CUNDINAMARCA,SÍ,0.4839
PULI,CUNDINAMARCA,NO,0.516
QUEBRADANEGRA,CUNDINAMARCA,SÍ,0.2968
QUEBRADANEGRA,CUNDINAMARCA,NO,0.7031000000000001
QUETAME,CUNDINAMARCA,SÍ,0.3232
QUETAME,CUNDINAMARCA,NO,0.6767
QUIPILE,CUNDINAMARCA,SÍ,0.3639
QUIPILE,CUNDINAMARCA,NO,0.636
RICAURTE,CUNDINAMARCA,SÍ,0.4484
RICAURTE,CUNDINAMARCA,NO,0.5515
SAN ANTONIO DEL TEQUENDAMA,CUNDINAMARCA,SÍ,0.5146000000000001
SAN ANTONIO DEL TEQUENDAMA,CUNDINAMARCA,NO,0.4853
SAN BERNARDO,CUNDINAMARCA,SÍ,0.4771
SAN BERNARDO,CUNDINAMARCA,NO,0.5228
SAN CAYETANO,CUNDINAMARCA,SÍ,0.485
SAN CAYETANO,CUNDINAMARCA,NO,0.5149
SAN FRANCISCO,CUNDINAMARCA,SÍ,0.35979999999999995
SAN FRANCISCO,CUNDINAMARCA,NO,0.6401
SAN JUAN DE RIOSECO,CUNDINAMARCA,SÍ,0.4511
SAN JUAN DE RIOSECO,CUNDINAMARCA,NO,0.5488000000000001
SASAIMA,CUNDINAMARCA,SÍ,0.348
SASAIMA,CUNDINAMARCA,NO,0.6518999999999999
SESQUILE,CUNDINAMARCA,SÍ,0.39630000000000004
SESQUILE,CUNDINAMARCA,NO,0.6036
SIBATE,CUNDINAMARCA,SÍ,0.39899999999999997
SIBATE,CUNDINAMARCA,NO,0.6009
SILVANIA,CUNDINAMARCA,SÍ,0.4781
SILVANIA,CUNDINAMARCA,NO,0.5218
SIMIJACA,CUNDINAMARCA,SÍ,0.35979999999999995
SIMIJACA,CUNDINAMARCA,NO,0.6401
SOACHA,CUNDINAMARCA,SÍ,0.4758
SOACHA,CUNDINAMARCA,NO,0.5241
SOPO,CUNDINAMARCA,SÍ,0.5043
SOPO,CUNDINAMARCA,NO,0.49560000000000004
SUBACHOQUE,CUNDINAMARCA,SÍ,0.3111
SUBACHOQUE,CUNDINAMARCA,NO,0.6888
SUESCA,CUNDINAMARCA,SÍ,0.4274
SUESCA,CUNDINAMARCA,NO,0.5725
SUPATA,CUNDINAMARCA,SÍ,0.3786
SUPATA,CUNDINAMARCA,NO,0.6213000000000001
SUSA,CUNDINAMARCA,SÍ,0.5246999999999999
SUSA,CUNDINAMARCA,NO,0.4752
SUTATAUSA,CUNDINAMARCA,SÍ,0.3611
SUTATAUSA,CUNDINAMARCA,NO,0.6388
TABIO,CUNDINAMARCA,SÍ,0.44920000000000004
TABIO,CUNDINAMARCA,NO,0.5507
TAUSA,CUNDINAMARCA,SÍ,0.2809
TAUSA,CUNDINAMARCA,NO,0.7190000000000001
TENA,CUNDINAMARCA,SÍ,0.5463
TENA,CUNDINAMARCA,NO,0.4536
TENJO,CUNDINAMARCA,SÍ,0.4225
TENJO,CUNDINAMARCA,NO,0.5774
TIBACUY,CUNDINAMARCA,SÍ,0.5332
TIBACUY,CUNDINAMARCA,NO,0.4667
TIBIRITA,CUNDINAMARCA,SÍ,0.6513
TIBIRITA,CUNDINAMARCA,NO,0.3486
TOCAIMA,CUNDINAMARCA,SÍ,0.511
TOCAIMA,CUNDINAMARCA,NO,0.4889
TOCANCIPA,CUNDINAMARCA,SÍ,0.4199
TOCANCIPA,CUNDINAMARCA,NO,0.58
TOPAIPI,CUNDINAMARCA,SÍ,0.557
TOPAIPI,CUNDINAMARCA,NO,0.4429
UBALA,CUNDINAMARCA,SÍ,0.4125
UBALA,CUNDINAMARCA,NO,0.5874
UBAQUE,CUNDINAMARCA,SÍ,0.43320000000000003
UBAQUE,CUNDINAMARCA,NO,0.5667
UBATE,CUNDINAMARCA,SÍ,0.38130000000000003
UBATE,CUNDINAMARCA,NO,0.6186
UNE,CUNDINAMARCA,SÍ,0.4465
UNE,CUNDINAMARCA,NO,0.5534
UTICA,CUNDINAMARCA,SÍ,0.3422
UTICA,CUNDINAMARCA,NO,0.6577
VENECIA,CUNDINAMARCA,SÍ,0.5689
VENECIA,CUNDINAMARCA,NO,0.431
VERGARA,CUNDINAMARCA,SÍ,0.5141
VERGARA,CUNDINAMARCA,NO,0.4858
VIANI,CUNDINAMARCA,SÍ,0.5189
VIANI,CUNDINAMARCA,NO,0.48100000000000004
VILLAGOMEZ,CUNDINAMARCA,SÍ,0.3455
VILLAGOMEZ,CUNDINAMARCA,NO,0.6544
VILLAPINZON,CUNDINAMARCA,SÍ,0.2914
VILLAPINZON,CUNDINAMARCA,NO,0.7084999999999999
VILLETA,CUNDINAMARCA,SÍ,0.3513
VILLETA,CUNDINAMARCA,NO,0.6486
VIOTA,CUNDINAMARCA,SÍ,0.48619999999999997
VIOTA,CUNDINAMARCA,NO,0.5136999999999999
YACOPI,CUNDINAMARCA,SÍ,0.4304
YACOPI,CUNDINAMARCA,NO,0.5695
ZIPACON,CUNDINAMARCA,SÍ,0.4731
ZIPACON,CUNDINAMARCA,NO,0.5268
ZIPAQUIRA,CUNDINAMARCA,SÍ,0.4841
ZIPAQUIRA,CUNDINAMARCA,NO,0.5158
BARRANCO MINAS,GUAINIA,SÍ,0.8164
BARRANCO MINAS,GUAINIA,NO,0.18350000000000002
CACAHUAL,GUAINIA,SÍ,0.7082999999999999
CACAHUAL,GUAINIA,NO,0.2916
INIRIDA,GUAINIA,SÍ,0.5222
INIRIDA,GUAINIA,NO,0.4777
LA GUADALUPE,GUAINIA,SÍ,0
LA GUADALUPE,GUAINIA,NO,0
MAPIRIPANA,GUAINIA,SÍ,0.9183
MAPIRIPANA,GUAINIA,NO,0.0816
MORICHAL (MORICHAL NUEVO),GUAINIA,SÍ,1
MORICHAL (MORICHAL NUEVO),GUAINIA,NO,0
PANA PANA (CAMPO ALEGRE),GUAINIA,SÍ,0.716
PANA PANA (CAMPO ALEGRE),GUAINIA,NO,0.2839
PUERTO COLOMBIA,GUAINIA,SÍ,0.5714
PUERTO COLOMBIA,GUAINIA,NO,0.4285
SAN FELIPE,GUAINIA,SÍ,0.5902000000000001
SAN FELIPE,GUAINIA,NO,0.4097
CALAMAR,GUAVIARE,SÍ,0.7212000000000001
CALAMAR,GUAVIARE,NO,0.2787
EL RETORNO,GUAVIARE,SÍ,0.5922
EL RETORNO,GUAVIARE,NO,0.4077
MIRAFLORES,GUAVIARE,SÍ,0.8565
MIRAFLORES,GUAVIARE,NO,0.1434
SAN JOSE DEL GUAVIARE,GUAVIARE,SÍ,0.47350000000000003
SAN JOSE DEL GUAVIARE,GUAVIARE,NO,0.5264
ACEVEDO,HUILA,SÍ,0.2351
ACEVEDO,HUILA,NO,0.7648
AGRADO,HUILA,SÍ,0.3212
AGRADO,HUILA,NO,0.6787000000000001
AIPE,HUILA,SÍ,0.4606
AIPE,HUILA,NO,0.5393
ALGECIRAS,HUILA,SÍ,0.5448
ALGECIRAS,HUILA,NO,0.4551
ALTAMIRA,HUILA,SÍ,0.439
ALTAMIRA,HUILA,NO,0.561
BARAYA,HUILA,SÍ,0.5329
BARAYA,HUILA,NO,0.467
CAMPOALEGRE,HUILA,SÍ,0.3832
CAMPOALEGRE,HUILA,NO,0.6167
COLOMBIA,HUILA,SÍ,0.3994
COLOMBIA,HUILA,NO,0.6004999999999999
ELIAS,HUILA,SÍ,0.486
ELIAS,HUILA,NO,0.5139
GARZON,HUILA,SÍ,0.3443
GARZON,HUILA,NO,0.6556000000000001
GIGANTE,HUILA,SÍ,0.3849
GIGANTE,HUILA,NO,0.615
GUADALUPE,HUILA,SÍ,0.2982
GUADALUPE,HUILA,NO,0.7017
HOBO,HUILA,SÍ,0.4456
HOBO,HUILA,NO,0.5543
IQUIRA,HUILA,SÍ,0.3912
IQUIRA,HUILA,NO,0.6087
ISNOS,HUILA,SÍ,0.2733
ISNOS,HUILA,NO,0.7265999999999999
LA ARGENTINA (PLATA VIEJA),HUILA,SÍ,0.446
LA ARGENTINA (PLATA VIEJA),HUILA,NO,0.5539000000000001
LA PLATA,HUILA,SÍ,0.3274
LA PLATA,HUILA,NO,0.6725
"NATAGA",HUILA,SÍ,0.34950000000000003
"NATAGA",HUILA,NO,0.6504000000000001
NEIVA,HUILA,SÍ,0.45549999999999996
NEIVA,HUILA,NO,0.5444
OPORAPA,HUILA,SÍ,0.2738
OPORAPA,HUILA,NO,0.7261
PAICOL,HUILA,SÍ,0.2841
PAICOL,HUILA,NO,0.7158
PALERMO,HUILA,SÍ,0.376
PALERMO,HUILA,NO,0.6239
PALESTINA,HUILA,SÍ,0.37920000000000004
PALESTINA,HUILA,NO,0.6207
PITAL,HUILA,SÍ,0.2837
PITAL,HUILA,NO,0.7162000000000001
PITALITO,HUILA,SÍ,0.3477
PITALITO,HUILA,NO,0.6522
RIVERA,HUILA,SÍ,0.4586
RIVERA,HUILA,NO,0.5413
SALADOBLANCO,HUILA,SÍ,0.42310000000000003
SALADOBLANCO,HUILA,NO,0.5768
SAN AGUSTIN,HUILA,SÍ,0.3265
SAN AGUSTIN,HUILA,NO,0.6734
SANTA MARIA,HUILA,SÍ,0.2883
SANTA MARIA,HUILA,NO,0.7116
SUAZA,HUILA,SÍ,0.31989999999999996
SUAZA,HUILA,NO,0.68
TARQUI,HUILA,SÍ,0.3212
TARQUI,HUILA,NO,0.6787000000000001
TELLO,HUILA,SÍ,0.4725
TELLO,HUILA,NO,0.5274
TERUEL,HUILA,SÍ,0.2908
TERUEL,HUILA,NO,0.7091
TESALIA (CARNICERIAS),HUILA,SÍ,0.2354
TESALIA (CARNICERIAS),HUILA,NO,0.7645000000000001
TIMANA,HUILA,SÍ,0.2437
TIMANA,HUILA,NO,0.7562000000000001
VILLAVIEJA,HUILA,SÍ,0.5767
VILLAVIEJA,HUILA,NO,0.4232
YAGUARA,HUILA,SÍ,0.3868
YAGUARA,HUILA,NO,0.6131
ALBANIA,LA GUAJIRA,SÍ,0.585
ALBANIA,LA GUAJIRA,NO,0.41490000000000005
BARRANCAS,LA GUAJIRA,SÍ,0.7162999999999999
BARRANCAS,LA GUAJIRA,NO,0.2836
DIBULLA,LA GUAJIRA,SÍ,0.7162999999999999
DIBULLA,LA GUAJIRA,NO,0.2836
DISTRACCION,LA GUAJIRA,SÍ,0.6401
DISTRACCION,LA GUAJIRA,NO,0.35979999999999995
EL MOLINO,LA GUAJIRA,SÍ,0.6629
EL MOLINO,LA GUAJIRA,NO,0.337
FONSECA,LA GUAJIRA,SÍ,0.7221
FONSECA,LA GUAJIRA,NO,0.2778
HATONUEVO,LA GUAJIRA,SÍ,0.6857
HATONUEVO,LA GUAJIRA,NO,0.31420000000000003
LA JAGUA DEL PILAR,LA GUAJIRA,SÍ,0.7290000000000001
LA JAGUA DEL PILAR,LA GUAJIRA,NO,0.2709
MAICAO,LA GUAJIRA,SÍ,0.5295000000000001
MAICAO,LA GUAJIRA,NO,0.4704
MANAURE,LA GUAJIRA,SÍ,0.5549000000000001
MANAURE,LA GUAJIRA,NO,0.445
RIOHACHA,LA GUAJIRA,SÍ,0.6357
RIOHACHA,LA GUAJIRA,NO,0.3642
SAN JUAN DEL CESAR,LA GUAJIRA,SÍ,0.489
SAN JUAN DEL CESAR,LA GUAJIRA,NO,0.5109
URIBIA,LA GUAJIRA,SÍ,0.5081
URIBIA,LA GUAJIRA,NO,0.4918
URUMITA,LA GUAJIRA,SÍ,0.6415000000000001
URUMITA,LA GUAJIRA,NO,0.35840000000000005
VILLANUEVA,LA GUAJIRA,SÍ,0.59
VILLANUEVA,LA GUAJIRA,NO,0.40990000000000004
ALGARROBO,MAGDALENA,SÍ,0.7655
ALGARROBO,MAGDALENA,NO,0.23440000000000003
ARACATACA,MAGDALENA,SÍ,0.6341
ARACATACA,MAGDALENA,NO,0.36579999999999996
ARIGUANI (EL DIFICIL),MAGDALENA,SÍ,0.6164000000000001
ARIGUANI (EL DIFICIL),MAGDALENA,NO,0.3835
CERRO DE SAN ANTONIO,MAGDALENA,SÍ,0.9066
CERRO DE SAN ANTONIO,MAGDALENA,NO,0.0933
CHIVOLO,MAGDALENA,SÍ,0.7951999999999999
CHIVOLO,MAGDALENA,NO,0.2047
CIENAGA,MAGDALENA,SÍ,0.4988
CIENAGA,MAGDALENA,NO,0.5011
CONCORDIA,MAGDALENA,SÍ,0.8684000000000001
CONCORDIA,MAGDALENA,NO,0.1315
EL BANCO,MAGDALENA,SÍ,0.5607
EL BANCO,MAGDALENA,NO,0.43920000000000003
EL PIÑON,MAGDALENA,SÍ,0.8256999999999999
EL PIÑON,MAGDALENA,NO,0.17420000000000002
EL RETEN,MAGDALENA,SÍ,0.7071
EL RETEN,MAGDALENA,NO,0.2928
FUNDACION,MAGDALENA,SÍ,0.5168
FUNDACION,MAGDALENA,NO,0.48310000000000003
GUAMAL,MAGDALENA,SÍ,0.6452
GUAMAL,MAGDALENA,NO,0.3547
NUEVA GRANADA,MAGDALENA,SÍ,0.5949
NUEVA GRANADA,MAGDALENA,NO,0.405
PEDRAZA,MAGDALENA,SÍ,0.7081999999999999
PEDRAZA,MAGDALENA,NO,0.2917
PIJIÑO DEL CARMEN,MAGDALENA,SÍ,0.6331
PIJIÑO DEL CARMEN,MAGDALENA,NO,0.3668
PIVIJAY,MAGDALENA,SÍ,0.8712000000000001
PIVIJAY,MAGDALENA,NO,0.12869999999999998
PLATO,MAGDALENA,SÍ,0.6564
PLATO,MAGDALENA,NO,0.3435
PUEBLOVIEJO,MAGDALENA,SÍ,0.5047
PUEBLOVIEJO,MAGDALENA,NO,0.49520000000000003
REMOLINO,MAGDALENA,SÍ,0.8956000000000001
REMOLINO,MAGDALENA,NO,0.1043
SABANAS DE SAN ANGEL,MAGDALENA,SÍ,0.5995
SABANAS DE SAN ANGEL,MAGDALENA,NO,0.4004
SALAMINA,MAGDALENA,SÍ,0.5698
SALAMINA,MAGDALENA,NO,0.4301
SAN SEBASTIAN DE BUENAVISTA,MAGDALENA,SÍ,0.7773
SAN SEBASTIAN DE BUENAVISTA,MAGDALENA,NO,0.22260000000000002
SAN ZENON,MAGDALENA,SÍ,0.8220999999999999
SAN ZENON,MAGDALENA,NO,0.1778
SANTA ANA,MAGDALENA,SÍ,0.546
SANTA ANA,MAGDALENA,NO,0.4539
SANTA BARBARA DE PINTO,MAGDALENA,SÍ,0.8193
SANTA BARBARA DE PINTO,MAGDALENA,NO,0.18059999999999998
SANTA MARTA,MAGDALENA,SÍ,0.5356000000000001
SANTA MARTA,MAGDALENA,NO,0.4643
SITIONUEVO,MAGDALENA,SÍ,0.6833
SITIONUEVO,MAGDALENA,NO,0.3166
TENERIFE,MAGDALENA,SÍ,0.8493
TENERIFE,MAGDALENA,NO,0.1506
ZAPAYAN,MAGDALENA,SÍ,0.8125
ZAPAYAN,MAGDALENA,NO,0.1875
ZONA BANANERA (SEVILLA),MAGDALENA,SÍ,0.6453
ZONA BANANERA (SEVILLA),MAGDALENA,NO,0.3546
ACACIAS,META,SÍ,0.2705
ACACIAS,META,NO,0.7293999999999999
BARRANCA DE UPIA,META,SÍ,0.35700000000000004
BARRANCA DE UPIA,META,NO,0.6429
CABUYARO,META,SÍ,0.3778
CABUYARO,META,NO,0.6221
CASTILLA LA NUEVA,META,SÍ,0.28550000000000003
CASTILLA LA NUEVA,META,NO,0.7143999999999999
CUBARRAL,META,SÍ,0.3029
CUBARRAL,META,NO,0.6970000000000001
CUMARAL,META,SÍ,0.325
CUMARAL,META,NO,0.67489999999999994
EL CALVARIO,META,SÍ,0.5331
EL CALVARIO,META,NO,0.4668
EL CASTILLO,META,SÍ,0.617
EL CASTILLO,META,NO,0.3829
EL DORADO,META,SÍ,0.42310000000000003
EL DORADO,META,NO,0.5768
FUENTE DE ORO,META,SÍ,0.41950000000000004
FUENTE DE ORO,META,NO,0.5804
GRANADA,META,SÍ,0.3607
GRANADA,META,NO,0.6392
GUAMAL,META,SÍ,0.2439
GUAMAL,META,NO,0.7559999999999999
LA MACARENA,META,SÍ,0.7365999999999999
LA MACARENA,META,NO,0.2633
LEJANIAS,META,SÍ,0.4403
LEJANIAS,META,NO,0.5596
MAPIRIPAN,META,SÍ,0.5798
MAPIRIPAN,META,NO,0.4201
MESETAS,META,SÍ,0.6207
MESETAS,META,NO,0.37920000000000004
PUERTO CONCORDIA,META,SÍ,0.5515
PUERTO CONCORDIA,META,NO,0.4484
PUERTO GAITAN,META,SÍ,0.3328
PUERTO GAITAN,META,NO,0.6670999999999999
PUERTO LLERAS,META,SÍ,0.4435
PUERTO LLERAS,META,NO,0.5564
PUERTO LOPEZ,META,SÍ,0.2792
PUERTO LOPEZ,META,NO,0.7206999999999999
PUERTO RICO,META,SÍ,0.4816
PUERTO RICO,META,NO,0.5183
RESTREPO,META,SÍ,0.4092
RESTREPO,META,NO,0.5907
SAN CARLOS DE GUAROA,META,SÍ,0.3299
SAN CARLOS DE GUAROA,META,NO,0.67
SAN JUAN DE ARAMA,META,SÍ,0.4779
SAN JUAN DE ARAMA,META,NO,0.522
SAN JUANITO,META,SÍ,0.5402
SAN JUANITO,META,NO,0.4597
SAN MARTIN DE LOS LLANOS,META,SÍ,0.2787
SAN MARTIN DE LOS LLANOS,META,NO,0.7212000000000001
URIBE,META,SÍ,0.9356
URIBE,META,NO,0.0643
VILLAVICENCIO,META,SÍ,0.35960000000000003
VILLAVICENCIO,META,NO,0.6403
VISTA HERMOSA,META,SÍ,0.5288
VISTA HERMOSA,META,NO,0.4711
ALBAN (SAN JOSE),"NARIÑO",SÍ,0.43579999999999997
ALBAN (SAN JOSE),"NARIÑO",NO,0.5640999999999999
ALDANA,"NARIÑO",SÍ,0.5058
ALDANA,"NARIÑO",NO,0.4941
ANCUYA,"NARIÑO",SÍ,0.7273000000000001
ANCUYA,"NARIÑO",NO,0.2726
ARBOLEDA (BERRUECOS),"NARIÑO",SÍ,0.4828
ARBOLEDA (BERRUECOS),"NARIÑO",NO,0.5171
BARBACOAS,"NARIÑO",SÍ,0.7482
BARBACOAS,"NARIÑO",NO,0.25170000000000003
BELEN,"NARIÑO",SÍ,0.6028
BELEN,"NARIÑO",NO,0.3971
BUESACO,"NARIÑO",SÍ,0.5005
BUESACO,"NARIÑO",NO,0.49939999999999996
CHACHAGUI,"NARIÑO",SÍ,0.6248
CHACHAGUI,"NARIÑO",NO,0.3751
COLON (GENOVA),"NARIÑO",SÍ,0.6033
COLON (GENOVA),"NARIÑO",NO,0.39659999999999995
CONSACA,"NARIÑO",SÍ,0.5786
CONSACA,"NARIÑO",NO,0.4213
CONTADERO,"NARIÑO",SÍ,0.5342
CONTADERO,"NARIÑO",NO,0.4657
CORDOBA,"NARIÑO",SÍ,0.6215999999999999
CORDOBA,"NARIÑO",NO,0.37829999999999997
CUASPUD (CARLOSAMA),"NARIÑO",SÍ,0.4739
CUASPUD (CARLOSAMA),"NARIÑO",NO,0.526
CUMBAL,"NARIÑO",SÍ,0.6373
CUMBAL,"NARIÑO",NO,0.3626
CUMBITARA,"NARIÑO",SÍ,0.8763
CUMBITARA,"NARIÑO",NO,0.12359999999999999
EL CHARCO,"NARIÑO",SÍ,0.9081
EL CHARCO,"NARIÑO",NO,0.09179999999999999
EL PEÑOL,"NARIÑO",SÍ,0.8066
EL PEÑOL,"NARIÑO",NO,0.19329999999999997
EL ROSARIO,"NARIÑO",SÍ,0.9078
EL ROSARIO,"NARIÑO",NO,0.09210000000000002
EL TABLON,"NARIÑO",SÍ,0.6568
EL TABLON,"NARIÑO",NO,0.3431
EL TAMBO,"NARIÑO",SÍ,0.7070000000000001
EL TAMBO,"NARIÑO",NO,0.2929
FRANCISCO PIZARRO (SALAHONDA),"NARIÑO",SÍ,0.8434999999999999
FRANCISCO PIZARRO (SALAHONDA),"NARIÑO",NO,0.1564
FUNES,"NARIÑO",SÍ,0.6812
FUNES,"NARIÑO",NO,0.3187
GUACHUCAL,"NARIÑO",SÍ,0.5643
GUACHUCAL,"NARIÑO",NO,0.43560000000000004
GUAITARILLA,"NARIÑO",SÍ,0.7381
GUAITARILLA,"NARIÑO",NO,0.2618
GUALMATAN,"NARIÑO",SÍ,0.601
GUALMATAN,"NARIÑO",NO,0.39890000000000003
ILES,"NARIÑO",SÍ,0.6252
ILES,"NARIÑO",NO,0.3747
IMUES,"NARIÑO",SÍ,0.5589
IMUES,"NARIÑO",NO,0.441
IPIALES,"NARIÑO",SÍ,0.5003
IPIALES,"NARIÑO",NO,0.4996
LA CRUZ,"NARIÑO",SÍ,0.5176
LA CRUZ,"NARIÑO",NO,0.48229999999999995
LA FLORIDA,"NARIÑO",SÍ,0.7299
LA FLORIDA,"NARIÑO",NO,0.27
LA LLANADA,"NARIÑO",SÍ,0.7134
LA LLANADA,"NARIÑO",NO,0.2865
LA TOLA,"NARIÑO",SÍ,0.8795999999999999
LA TOLA,"NARIÑO",NO,0.12029999999999999
LA UNION,"NARIÑO",SÍ,0.42969999999999997
LA UNION,"NARIÑO",NO,0.5702
LEIVA,"NARIÑO",SÍ,0.9037999999999999
LEIVA,"NARIÑO",NO,0.09609999999999999
LINARES,"NARIÑO",SÍ,0.8708
LINARES,"NARIÑO",NO,0.1291
LOS ANDES (SOTOMAYOR),"NARIÑO",SÍ,0.7704000000000001
LOS ANDES (SOTOMAYOR),"NARIÑO",NO,0.22949999999999998
MAGUI (PAYAN),"NARIÑO",SÍ,0.9312999999999999
MAGUI (PAYAN),"NARIÑO",NO,0.06860000000000001
MALLAMA (PIEDRANCHA),"NARIÑO",SÍ,0.6309
MALLAMA (PIEDRANCHA),"NARIÑO",NO,0.369
MOSQUERA,"NARIÑO",SÍ,0.8981
MOSQUERA,"NARIÑO",NO,0.1018
"NARIÑO","NARIÑO",SÍ,0.6035
"NARIÑO","NARIÑO",NO,0.39640000000000003
OLAYA HERRERA,"NARIÑO",SÍ,0.8214
OLAYA HERRERA,"NARIÑO",NO,0.17850000000000002
OSPINA,"NARIÑO",SÍ,0.6335999999999999
OSPINA,"NARIÑO",NO,0.3663
PASTO,"NARIÑO",SÍ,0.6262
PASTO,"NARIÑO",NO,0.3737
POLICARPA,"NARIÑO",SÍ,0.8889
POLICARPA,"NARIÑO",NO,0.111
POTOSI,"NARIÑO",SÍ,0.4677
POTOSI,"NARIÑO",NO,0.5322
PROVIDENCIA,"NARIÑO",SÍ,0.8743000000000001
PROVIDENCIA,"NARIÑO",NO,0.12560000000000002
PUERRES,"NARIÑO",SÍ,0.6872
PUERRES,"NARIÑO",NO,0.3127
PUPIALES,"NARIÑO",SÍ,0.48369999999999996
PUPIALES,"NARIÑO",NO,0.5162
RICAURTE,"NARIÑO",SÍ,0.6665000000000001
RICAURTE,"NARIÑO",NO,0.33340000000000003
ROBERTO PAYAN (SAN JOSE),"NARIÑO",SÍ,0.9151
ROBERTO PAYAN (SAN JOSE),"NARIÑO",NO,0.0848
SAMANIEGO,"NARIÑO",SÍ,0.8388
SAMANIEGO,"NARIÑO",NO,0.1611
SAN BERNARDO,"NARIÑO",SÍ,0.6174000000000001
SAN BERNARDO,"NARIÑO",NO,0.3825
SAN LORENZO,"NARIÑO",SÍ,0.6217
SAN LORENZO,"NARIÑO",NO,0.3782
SAN PABLO,"NARIÑO",SÍ,0.6583
SAN PABLO,"NARIÑO",NO,0.34159999999999996
SAN PEDRO DE CARTAGO,"NARIÑO",SÍ,0.5168
SAN PEDRO DE CARTAGO,"NARIÑO",NO,0.48310000000000003
SANDONA,"NARIÑO",SÍ,0.642
SANDONA,"NARIÑO",NO,0.3579
SANTA BARBARA (ISCUANDE),"NARIÑO",SÍ,0.9154000000000001
SANTA BARBARA (ISCUANDE),"NARIÑO",NO,0.08449999999999999
SANTACRUZ (GUACHAVES),"NARIÑO",SÍ,0.7171
SANTACRUZ (GUACHAVES),"NARIÑO",NO,0.2828
SAPUYES,"NARIÑO",SÍ,0.6036
SAPUYES,"NARIÑO",NO,0.39630000000000004
TAMINANGO,"NARIÑO",SÍ,0.7867000000000001
TAMINANGO,"NARIÑO",NO,0.2132
TANGUA,"NARIÑO",SÍ,0.5307
TANGUA,"NARIÑO",NO,0.4692
TUMACO,"NARIÑO",SÍ,0.7119
TUMACO,"NARIÑO",NO,0.28800000000000003
TUQUERRES,"NARIÑO",SÍ,0.6445000000000001
TUQUERRES,"NARIÑO",NO,0.3554
YACUANQUER,"NARIÑO",SÍ,0.6770999999999999
YACUANQUER,"NARIÑO",NO,0.32280000000000003
ABREGO,NORTE DE SAN,SÍ,0.33549999999999996
ABREGO,NORTE DE SAN,NO,0.6644
ARBOLEDAS,NORTE DE SAN,SÍ,0.3038
ARBOLEDAS,NORTE DE SAN,NO,0.6960999999999999
BOCHALEMA,NORTE DE SAN,SÍ,0.3768
BOCHALEMA,NORTE DE SAN,NO,0.6231
BUCARASICA,NORTE DE SAN,SÍ,0.2954
BUCARASICA,NORTE DE SAN,NO,0.7045
CACHIRA,NORTE DE SAN,SÍ,0.20489999999999997
CACHIRA,NORTE DE SAN,NO,0.795
CACOTA,NORTE DE SAN,SÍ,0.48869999999999997
CACOTA,NORTE DE SAN,NO,0.5112
CHINACOTA,NORTE DE SAN,SÍ,0.37170000000000003
CHINACOTA,NORTE DE SAN,NO,0.6282
CHITAGA,NORTE DE SAN,SÍ,0.3791
CHITAGA,NORTE DE SAN,NO,0.6208
CONVENCION,NORTE DE SAN,SÍ,0.5982
CONVENCION,NORTE DE SAN,NO,0.4017
CUCUTA,NORTE DE SAN,SÍ,0.34630000000000005
CUCUTA,NORTE DE SAN,NO,0.6536
CUCUTILLA,NORTE DE SAN,SÍ,0.33640000000000003
CUCUTILLA,NORTE DE SAN,NO,0.6635
DURANIA,NORTE DE SAN,SÍ,0.5312
DURANIA,NORTE DE SAN,NO,0.46869999999999995
EL CARMEN,NORTE DE SAN,SÍ,0.5218
EL CARMEN,NORTE DE SAN,NO,0.4781
EL TARRA,NORTE DE SAN,SÍ,0.9151
EL TARRA,NORTE DE SAN,NO,0.0848
EL ZULIA,NORTE DE SAN,SÍ,0.3554
EL ZULIA,NORTE DE SAN,NO,0.6445000000000001
GRAMALOTE,NORTE DE SAN,SÍ,0.33520000000000005
GRAMALOTE,NORTE DE SAN,NO,0.6647
HACARI,NORTE DE SAN,SÍ,0.8946
HACARI,NORTE DE SAN,NO,0.10529999999999999
HERRAN,NORTE DE SAN,SÍ,0.3289
HERRAN,NORTE DE SAN,NO,0.6709999999999999
LA ESPERANZA,NORTE DE SAN,SÍ,0.3446
LA ESPERANZA,NORTE DE SAN,NO,0.6553
LA PLAYA,NORTE DE SAN,SÍ,0.48829999999999996
LA PLAYA,NORTE DE SAN,NO,0.5115999999999999
LABATECA,NORTE DE SAN,SÍ,0.5286
LABATECA,NORTE DE SAN,NO,0.47130000000000005
LOS PATIOS,NORTE DE SAN,SÍ,0.2804
LOS PATIOS,NORTE DE SAN,NO,0.7195
LOURDES,NORTE DE SAN,SÍ,0.2596
LOURDES,NORTE DE SAN,NO,0.7403
MUTISCUA,NORTE DE SAN,SÍ,0.45189999999999997
MUTISCUA,NORTE DE SAN,NO,0.5479999999999999
OCAÑA,NORTE DE SAN,SÍ,0.3914
OCAÑA,NORTE DE SAN,NO,0.6085
PAMPLONA,NORTE DE SAN,SÍ,0.35
PAMPLONA,NORTE DE SAN,NO,0.6498999999999999
PAMPLONITA,NORTE DE SAN,SÍ,0.3287
PAMPLONITA,NORTE DE SAN,NO,0.6712
PUERTO SANTANDER,NORTE DE SAN,SÍ,0.2688
PUERTO SANTANDER,NORTE DE SAN,NO,0.7311
RAGONVALIA,NORTE DE SAN,SÍ,0.25
RAGONVALIA,NORTE DE SAN,NO,0.75
SALAZAR,NORTE DE SAN,SÍ,0.3243
SALAZAR,NORTE DE SAN,NO,0.6756
SAN CALIXTO,NORTE DE SAN,SÍ,0.9518000000000001
SAN CALIXTO,NORTE DE SAN,NO,0.0481
SAN CAYETANO,NORTE DE SAN,SÍ,0.315
SAN CAYETANO,NORTE DE SAN,NO,0.6849
SANTIAGO,NORTE DE SAN,SÍ,0.4517
SANTIAGO,NORTE DE SAN,NO,0.5482
SARDINATA,NORTE DE SAN,SÍ,0.3483
SARDINATA,NORTE DE SAN,NO,0.6516
SILOS,NORTE DE SAN,SÍ,0.1905
SILOS,NORTE DE SAN,NO,0.8094
TEORAMA,NORTE DE SAN,SÍ,0.8647
TEORAMA,NORTE DE SAN,NO,0.1352
TIBU,NORTE DE SAN,SÍ,0.6603
TIBU,NORTE DE SAN,NO,0.3396
TOLEDO,NORTE DE SAN,SÍ,0.3186
TOLEDO,NORTE DE SAN,NO,0.6812999999999999
VILLA CARO,NORTE DE SAN,SÍ,0.244
VILLA CARO,NORTE DE SAN,NO,0.7559
VILLA DEL ROSARIO,NORTE DE SAN,SÍ,0.2401
VILLA DEL ROSARIO,NORTE DE SAN,NO,0.7598
COLON,PUTUMAYO,SÍ,0.5714
COLON,PUTUMAYO,NO,0.4285
MOCOA,PUTUMAYO,SÍ,0.6018
MOCOA,PUTUMAYO,NO,0.3981
ORITO,PUTUMAYO,SÍ,0.772
ORITO,PUTUMAYO,NO,0.2279
PUERTO ASIS,PUTUMAYO,SÍ,0.5799
PUERTO ASIS,PUTUMAYO,NO,0.42
PUERTO CAICEDO,PUTUMAYO,SÍ,0.7081999999999999
PUERTO CAICEDO,PUTUMAYO,NO,0.2917
PUERTO GUZMAN,PUTUMAYO,SÍ,0.7234
PUERTO GUZMAN,PUTUMAYO,NO,0.27649999999999997
PUERTO LEGUIZAMO,PUTUMAYO,SÍ,0.545
PUERTO LEGUIZAMO,PUTUMAYO,NO,0.4549
SAN FRANCISCO,PUTUMAYO,SÍ,0.5573
SAN FRANCISCO,PUTUMAYO,NO,0.4426
SAN MIGUEL (LA DORADA),PUTUMAYO,SÍ,0.8343
SAN MIGUEL (LA DORADA),PUTUMAYO,NO,0.1656
SANTIAGO,PUTUMAYO,SÍ,0.6065999999999999
SANTIAGO,PUTUMAYO,NO,0.3933
SIBUNDOY,PUTUMAYO,SÍ,0.5836
SIBUNDOY,PUTUMAYO,NO,0.4163
VALLE DEL GUAMUEZ (LA HORMIGA),PUTUMAYO,SÍ,0.8604
VALLE DEL GUAMUEZ (LA HORMIGA),PUTUMAYO,NO,0.13949999999999999
VILLAGARZON,PUTUMAYO,SÍ,0.5099
VILLAGARZON,PUTUMAYO,NO,0.49
ARMENIA,QUINDIO,SÍ,0.426
ARMENIA,QUINDIO,NO,0.5739
BUENAVISTA,QUINDIO,SÍ,0.4388
BUENAVISTA,QUINDIO,NO,0.5611
CALARCA,QUINDIO,SÍ,0.37579999999999997
CALARCA,QUINDIO,NO,0.6241
CIRCASIA,QUINDIO,SÍ,0.3641
CIRCASIA,QUINDIO,NO,0.6358
CORDOBA,QUINDIO,SÍ,0.45890000000000003
CORDOBA,QUINDIO,NO,0.541
FILANDIA,QUINDIO,SÍ,0.3668
FILANDIA,QUINDIO,NO,0.6331
GENOVA,QUINDIO,SÍ,0.36200000000000004
GENOVA,QUINDIO,NO,0.6379
LA TEBAIDA,QUINDIO,SÍ,0.3714
LA TEBAIDA,QUINDIO,NO,0.6285000000000001
MONTENEGRO,QUINDIO,SÍ,0.2945
MONTENEGRO,QUINDIO,NO,0.7054
PIJAO,QUINDIO,SÍ,0.34850000000000003
PIJAO,QUINDIO,NO,0.6514
QUIMBAYA,QUINDIO,SÍ,0.3875
QUIMBAYA,QUINDIO,NO,0.61240000000000006
SALENTO,QUINDIO,SÍ,0.3386
SALENTO,QUINDIO,NO,0.6613
APIA,RISARALDA,SÍ,0.3447
APIA,RISARALDA,NO,0.6552
BALBOA,RISARALDA,SÍ,0.4534
BALBOA,RISARALDA,NO,0.5465
BELEN DE UMBRIA,RISARALDA,SÍ,0.3815
BELEN DE UMBRIA,RISARALDA,NO,0.6184000000000001
DOSQUEBRADAS,RISARALDA,SÍ,0.42469999999999997
DOSQUEBRADAS,RISARALDA,NO,0.5752
GUATICA,RISARALDA,SÍ,0.33659999999999995
GUATICA,RISARALDA,NO,0.6633
LA CELIA,RISARALDA,SÍ,0.3818
LA CELIA,RISARALDA,NO,0.6181
LA VIRGINIA,RISARALDA,SÍ,0.40159999999999996
LA VIRGINIA,RISARALDA,NO,0.5982999999999999
MARSELLA,RISARALDA,SÍ,0.3815
MARSELLA,RISARALDA,NO,0.6184000000000001
MISTRATO,RISARALDA,SÍ,0.5288
MISTRATO,RISARALDA,NO,0.4711
PEREIRA,RISARALDA,SÍ,0.46140000000000003
PEREIRA,RISARALDA,NO,0.5385
PUEBLO RICO,RISARALDA,SÍ,0.6304
PUEBLO RICO,RISARALDA,NO,0.36950000000000005
QUINCHIA,RISARALDA,SÍ,0.526
QUINCHIA,RISARALDA,NO,0.4739
SANTA ROSA DE CABAL,RISARALDA,SÍ,0.402
SANTA ROSA DE CABAL,RISARALDA,NO,0.5979
SANTUARIO,RISARALDA,SÍ,0.4107
SANTUARIO,RISARALDA,NO,0.5892000000000001
PROVIDENCIA,SAN ANDRES,SÍ,0.8184
PROVIDENCIA,SAN ANDRES,NO,0.1815
SAN ANDRES,SAN ANDRES,SÍ,0.5121
SAN ANDRES,SAN ANDRES,NO,0.4878
AGUADA,SANTANDER,SÍ,0.4755
AGUADA,SANTANDER,NO,0.5244
ALBANIA,SANTANDER,SÍ,0.5635
ALBANIA,SANTANDER,NO,0.4364
ARATOCA,SANTANDER,SÍ,0.5149
ARATOCA,SANTANDER,NO,0.485
BARBOSA,SANTANDER,SÍ,0.49219999999999997
BARBOSA,SANTANDER,NO,0.5077
BARICHARA,SANTANDER,SÍ,0.5722999999999999
BARICHARA,SANTANDER,NO,0.4276
BARRANCABERMEJA,SANTANDER,SÍ,0.5054
BARRANCABERMEJA,SANTANDER,NO,0.49450000000000005
BETULIA,SANTANDER,SÍ,0.4267
BETULIA,SANTANDER,NO,0.5732
BOLIVAR,SANTANDER,SÍ,0.5241
BOLIVAR,SANTANDER,NO,0.4758
BUCARAMANGA,SANTANDER,SÍ,0.44880000000000003
BUCARAMANGA,SANTANDER,NO,0.5511
CABRERA,SANTANDER,SÍ,0.6578
CABRERA,SANTANDER,NO,0.3421
CALIFORNIA,SANTANDER,SÍ,0.22219999999999998
CALIFORNIA,SANTANDER,NO,0.7777
CAPITANEJO,SANTANDER,SÍ,0.3785
CAPITANEJO,SANTANDER,NO,0.6214
CARCASI,SANTANDER,SÍ,0.3248
CARCASI,SANTANDER,NO,0.6751
CEPITA,SANTANDER,SÍ,0.6474
CEPITA,SANTANDER,NO,0.3525
CERRITO,SANTANDER,SÍ,0.4611
CERRITO,SANTANDER,NO,0.5388000000000001
CHARALA,SANTANDER,SÍ,0.6135
CHARALA,SANTANDER,NO,0.3864
CHARTA,SANTANDER,SÍ,0.2833
CHARTA,SANTANDER,NO,0.7166
CHIMA,SANTANDER,SÍ,0.6511
CHIMA,SANTANDER,NO,0.3488
CHIPATA,SANTANDER,SÍ,0.7156
CHIPATA,SANTANDER,NO,0.2843
CIMITARRA,SANTANDER,SÍ,0.4042
CIMITARRA,SANTANDER,NO,0.5957
CONCEPCION,SANTANDER,SÍ,0.3874
CONCEPCION,SANTANDER,NO,0.6125
CONFINES,SANTANDER,SÍ,0.37979999999999997
CONFINES,SANTANDER,NO,0.6201
CONTRATACION,SANTANDER,SÍ,0.579
CONTRATACION,SANTANDER,NO,0.42090000000000005
COROMORO,SANTANDER,SÍ,0.5349
COROMORO,SANTANDER,NO,0.465
CURITI,SANTANDER,SÍ,0.467
CURITI,SANTANDER,NO,0.5329
EL CARMEN,SANTANDER,SÍ,0.2676
EL CARMEN,SANTANDER,NO,0.7323000000000001
EL GUACAMAYO,SANTANDER,SÍ,0.6972
EL GUACAMAYO,SANTANDER,NO,0.30269999999999997
EL PEÑON,SANTANDER,SÍ,0.49560000000000004
EL PEÑON,SANTANDER,NO,0.5043
EL PLAYON,SANTANDER,SÍ,0.2756
EL PLAYON,SANTANDER,NO,0.7243
ENCINO,SANTANDER,SÍ,0.624
ENCINO,SANTANDER,NO,0.3759
ENCISO,SANTANDER,SÍ,0.4587
ENCISO,SANTANDER,NO,0.5412
FLORIAN,SANTANDER,SÍ,0.6696
FLORIAN,SANTANDER,NO,0.33030000000000004
FLORIDABLANCA,SANTANDER,SÍ,0.4167
FLORIDABLANCA,SANTANDER,NO,0.5832
GALAN,SANTANDER,SÍ,0.41850000000000004
GALAN,SANTANDER,NO,0.5814
GAMBITA,SANTANDER,SÍ,0.5481
GAMBITA,SANTANDER,NO,0.4518
GIRON,SANTANDER,SÍ,0.3787
GIRON,SANTANDER,NO,0.6212
GUACA,SANTANDER,SÍ,0.38659999999999994
GUACA,SANTANDER,NO,0.6133
GUADALUPE,SANTANDER,SÍ,0.4006
GUADALUPE,SANTANDER,NO,0.5992999999999999
GUAPOTA,SANTANDER,SÍ,0.5162
GUAPOTA,SANTANDER,NO,0.48369999999999996
GUAVATA,SANTANDER,SÍ,0.6201
GUAVATA,SANTANDER,NO,0.37979999999999997
GUEPSA,SANTANDER,SÍ,0.6175
GUEPSA,SANTANDER,NO,0.3824
HATO,SANTANDER,SÍ,0.5993999999999999
HATO,SANTANDER,NO,0.40049999999999997
JESUS MARIA,SANTANDER,SÍ,0.6323
JESUS MARIA,SANTANDER,NO,0.3676
JORDAN,SANTANDER,SÍ,0.5038
JORDAN,SANTANDER,NO,0.4961
LA BELLEZA,SANTANDER,SÍ,0.336
LA BELLEZA,SANTANDER,NO,0.6639
LA PAZ,SANTANDER,SÍ,0.5815
LA PAZ,SANTANDER,NO,0.41840000000000005
LANDAZURI,SANTANDER,SÍ,0.5262
LANDAZURI,SANTANDER,NO,0.47369999999999995
LEBRIJA,SANTANDER,SÍ,0.30620000000000003
LEBRIJA,SANTANDER,NO,0.6937000000000001
LOS SANTOS,SANTANDER,SÍ,0.4204
LOS SANTOS,SANTANDER,NO,0.5795
MACARAVITA,SANTANDER,SÍ,0.5678
MACARAVITA,SANTANDER,NO,0.4321
MALAGA,SANTANDER,SÍ,0.3831
MALAGA,SANTANDER,NO,0.6168
MATANZA,SANTANDER,SÍ,0.3936
MATANZA,SANTANDER,NO,0.6063000000000001
MOGOTES,SANTANDER,SÍ,0.43689999999999996
MOGOTES,SANTANDER,NO,0.563
MOLAGAVITA,SANTANDER,SÍ,0.3901
MOLAGAVITA,SANTANDER,NO,0.6098
OCAMONTE,SANTANDER,SÍ,0.6977
OCAMONTE,SANTANDER,NO,0.30219999999999997
OIBA,SANTANDER,SÍ,0.44409999999999994
OIBA,SANTANDER,NO,0.5558
ONZAGA,SANTANDER,SÍ,0.5336
ONZAGA,SANTANDER,NO,0.46630000000000005
PALMAR,SANTANDER,SÍ,0.6844
PALMAR,SANTANDER,NO,0.3155
PALMAS DEL SOCORRO,SANTANDER,SÍ,0.5356000000000001
PALMAS DEL SOCORRO,SANTANDER,NO,0.4643
PARAMO,SANTANDER,SÍ,0.5119
PARAMO,SANTANDER,NO,0.488
PIEDECUESTA,SANTANDER,SÍ,0.39909999999999995
PIEDECUESTA,SANTANDER,NO,0.6008
PINCHOTE,SANTANDER,SÍ,0.5625
PINCHOTE,SANTANDER,NO,0.4374
PUENTE NACIONAL,SANTANDER,SÍ,0.573
PUENTE NACIONAL,SANTANDER,NO,0.4269
PUERTO PARRA,SANTANDER,SÍ,0.3218
PUERTO PARRA,SANTANDER,NO,0.6781
PUERTO WILCHES,SANTANDER,SÍ,0.4869
PUERTO WILCHES,SANTANDER,NO,0.513
RIONEGRO,SANTANDER,SÍ,0.33340000000000003
RIONEGRO,SANTANDER,NO,0.6665000000000001
SABANA DE TORRES,SANTANDER,SÍ,0.3085
SABANA DE TORRES,SANTANDER,NO,0.6914
SAN ANDRES,SANTANDER,SÍ,0.5558
SAN ANDRES,SANTANDER,NO,0.44409999999999994
SAN BENITO,SANTANDER,SÍ,0.6767
SAN BENITO,SANTANDER,NO,0.3232
SAN GIL,SANTANDER,SÍ,0.5046
SAN GIL,SANTANDER,NO,0.4953
SAN JOAQUIN,SANTANDER,SÍ,0.619
SAN JOAQUIN,SANTANDER,NO,0.3809
SAN JOSE DE MIRANDA,SANTANDER,SÍ,0.3274
SAN JOSE DE MIRANDA,SANTANDER,NO,0.6725
SAN MIGUEL,SANTANDER,SÍ,0.5429999999999999
SAN MIGUEL,SANTANDER,NO,0.4569
SAN VICENTE DE CHUCURI,SANTANDER,SÍ,0.40759999999999996
SAN VICENTE DE CHUCURI,SANTANDER,NO,0.5922999999999999
SANTA BARBARA,SANTANDER,SÍ,0.3601
SANTA BARBARA,SANTANDER,NO,0.6397999999999999
SANTA HELENA DEL OPON,SANTANDER,SÍ,0.3848
SANTA HELENA DEL OPON,SANTANDER,NO,0.6151
SIMACOTA,SANTANDER,SÍ,0.5604
SIMACOTA,SANTANDER,NO,0.4395
SOCORRO,SANTANDER,SÍ,0.46270000000000006
SOCORRO,SANTANDER,NO,0.5372
SUAITA,SANTANDER,SÍ,0.5398
SUAITA,SANTANDER,NO,0.46009999999999995
SUCRE,SANTANDER,SÍ,0.3873
SUCRE,SANTANDER,NO,0.6126
SURATA,SANTANDER,SÍ,0.3725
SURATA,SANTANDER,NO,0.6274000000000001
TONA,SANTANDER,SÍ,0.4128
TONA,SANTANDER,NO,0.5871
VALLE DE SAN JOSE,SANTANDER,SÍ,0.5084000000000001
VALLE DE SAN JOSE,SANTANDER,NO,0.4915
VELEZ,SANTANDER,SÍ,0.5426
VELEZ,SANTANDER,NO,0.4573
VETAS,SANTANDER,SÍ,0.16190000000000002
VETAS,SANTANDER,NO,0.838
VILLANUEVA,SANTANDER,SÍ,0.3899
VILLANUEVA,SANTANDER,NO,0.61
ZAPATOCA,SANTANDER,SÍ,0.38630000000000003
ZAPATOCA,SANTANDER,NO,0.6136
BUENAVISTA,SUCRE,SÍ,0.6877
BUENAVISTA,SUCRE,NO,0.3122
CAIMITO,SUCRE,SÍ,0.7733
CAIMITO,SUCRE,NO,0.2266
CHALAN,SUCRE,SÍ,0.6509
CHALAN,SUCRE,NO,0.349
COLOSO (RICAURTE),SUCRE,SÍ,0.7014
COLOSO (RICAURTE),SUCRE,NO,0.2985
COROZAL,SUCRE,SÍ,0.61
COROZAL,SUCRE,NO,0.3899
COVEÑAS,SUCRE,SÍ,0.5003
COVEÑAS,SUCRE,NO,0.4996
EL ROBLE,SUCRE,SÍ,0.7795000000000001
EL ROBLE,SUCRE,NO,0.22039999999999998
GALERAS (NUEVA GRANADA),SUCRE,SÍ,0.4178
GALERAS (NUEVA GRANADA),SUCRE,NO,0.5821000000000001
GUARANDA,SUCRE,SÍ,0.5156000000000001
GUARANDA,SUCRE,NO,0.4843
LA UNION,SUCRE,SÍ,0.7954000000000001
LA UNION,SUCRE,NO,0.2045
LOS PALMITOS,SUCRE,SÍ,0.7674
LOS PALMITOS,SUCRE,NO,0.2325
MAJAGUAL,SUCRE,SÍ,0.5793
MAJAGUAL,SUCRE,NO,0.42060000000000003
MORROA,SUCRE,SÍ,0.6545000000000001
MORROA,SUCRE,NO,0.3454
OVEJAS,SUCRE,SÍ,0.7251000000000001
OVEJAS,SUCRE,NO,0.2748
PALMITO,SUCRE,SÍ,0.6967
PALMITO,SUCRE,NO,0.3032
SAMPUES,SUCRE,SÍ,0.5972
SAMPUES,SUCRE,NO,0.40270000000000006
SAN BENITO ABAD,SUCRE,SÍ,0.6434000000000001
SAN BENITO ABAD,SUCRE,NO,0.3565
SAN JUAN DE BETULIA (BETULIA),SUCRE,SÍ,0.713
SAN JUAN DE BETULIA (BETULIA),SUCRE,NO,0.2869
SAN MARCOS,SUCRE,SÍ,0.6361
SAN MARCOS,SUCRE,NO,0.3638
SAN ONOFRE,SUCRE,SÍ,0.7801
SAN ONOFRE,SUCRE,NO,0.2198
SAN PEDRO,SUCRE,SÍ,0.6486
SAN PEDRO,SUCRE,NO,0.3513
SINCE,SUCRE,SÍ,0.6102000000000001
SINCE,SUCRE,NO,0.3897
SINCELEJO,SUCRE,SÍ,0.5437
SINCELEJO,SUCRE,NO,0.4562
SUCRE,SUCRE,SÍ,0.5576
SUCRE,SUCRE,NO,0.44229999999999997
TOLU,SUCRE,SÍ,0.7023
TOLU,SUCRE,NO,0.29760000000000003
TOLUVIEJO,SUCRE,SÍ,0.7173
TOLUVIEJO,SUCRE,NO,0.2826
ALPUJARRA,TOLIMA,SÍ,0.3102
ALPUJARRA,TOLIMA,NO,0.6897
ALVARADO,TOLIMA,SÍ,0.48109999999999997
ALVARADO,TOLIMA,NO,0.5188
AMBALEMA,TOLIMA,SÍ,0.5192
AMBALEMA,TOLIMA,NO,0.4807
ANZOATEGUI,TOLIMA,SÍ,0.3054
ANZOATEGUI,TOLIMA,NO,0.6945
ARMERO (GUAYABAL),TOLIMA,SÍ,0.517
ARMERO (GUAYABAL),TOLIMA,NO,0.4829
ATACO,TOLIMA,SÍ,0.3245
ATACO,TOLIMA,NO,0.6754000000000001
CAJAMARCA,TOLIMA,SÍ,0.3086
CAJAMARCA,TOLIMA,NO,0.6912999999999999
CARMEN DE APICALA,TOLIMA,SÍ,0.35200000000000004
CARMEN DE APICALA,TOLIMA,NO,0.6479
CASABIANCA,TOLIMA,SÍ,0.4917
CASABIANCA,TOLIMA,NO,0.5082
CHAPARRAL,TOLIMA,SÍ,0.4499
CHAPARRAL,TOLIMA,NO,0.55
COELLO,TOLIMA,SÍ,0.5625
COELLO,TOLIMA,NO,0.4374
COYAIMA,TOLIMA,SÍ,0.6206
COYAIMA,TOLIMA,NO,0.37929999999999997
CUNDAY,TOLIMA,SÍ,0.41479999999999995
CUNDAY,TOLIMA,NO,0.5851
DOLORES,TOLIMA,SÍ,0.415
DOLORES,TOLIMA,NO,0.5849
ESPINAL,TOLIMA,SÍ,0.36450000000000005
ESPINAL,TOLIMA,NO,0.6354
FALAN,TOLIMA,SÍ,0.5354
FALAN,TOLIMA,NO,0.4645
FLANDES,TOLIMA,SÍ,0.3613
FLANDES,TOLIMA,NO,0.6386
FRESNO,TOLIMA,SÍ,0.3309
FRESNO,TOLIMA,NO,0.669
GUAMO,TOLIMA,SÍ,0.3447
GUAMO,TOLIMA,NO,0.6552
HERVEO,TOLIMA,SÍ,0.3909
HERVEO,TOLIMA,NO,0.609
HONDA,TOLIMA,SÍ,0.42560000000000003
HONDA,TOLIMA,NO,0.5743
IBAGUE,TOLIMA,SÍ,0.39390000000000003
IBAGUE,TOLIMA,NO,0.606
ICONONZO,TOLIMA,SÍ,0.5287
ICONONZO,TOLIMA,NO,0.47119999999999995
LERIDA,TOLIMA,SÍ,0.49420000000000003
LERIDA,TOLIMA,NO,0.5057
LIBANO,TOLIMA,SÍ,0.4961
LIBANO,TOLIMA,NO,0.5038
MARIQUITA,TOLIMA,SÍ,0.4213
MARIQUITA,TOLIMA,NO,0.5786
MELGAR,TOLIMA,SÍ,0.28809999999999997
MELGAR,TOLIMA,NO,0.7118000000000001
MURILLO,TOLIMA,SÍ,0.3721
MURILLO,TOLIMA,NO,0.6278
"NATAGAIMA",TOLIMA,SÍ,0.5602
"NATAGAIMA",TOLIMA,NO,0.4397
ORTEGA,TOLIMA,SÍ,0.39990000000000003
ORTEGA,TOLIMA,NO,0.6
PALOCABILDO,TOLIMA,SÍ,0.4153
PALOCABILDO,TOLIMA,NO,0.5846
PIEDRAS,TOLIMA,SÍ,0.5038
PIEDRAS,TOLIMA,NO,0.4961
PLANADAS,TOLIMA,SÍ,0.4777
PLANADAS,TOLIMA,NO,0.5222
PRADO,TOLIMA,SÍ,0.3839
PRADO,TOLIMA,NO,0.616
PURIFICACION,TOLIMA,SÍ,0.49420000000000003
PURIFICACION,TOLIMA,NO,0.5057
RIOBLANCO,TOLIMA,SÍ,0.488
RIOBLANCO,TOLIMA,NO,0.5119
RONCESVALLES,TOLIMA,SÍ,0.5133
RONCESVALLES,TOLIMA,NO,0.4866
ROVIRA,TOLIMA,SÍ,0.2929
ROVIRA,TOLIMA,NO,0.7070000000000001
SALDAÑA,TOLIMA,SÍ,0.3312
SALDAÑA,TOLIMA,NO,0.6687000000000001
SAN ANTONIO,TOLIMA,SÍ,0.2836
SAN ANTONIO,TOLIMA,NO,0.7162999999999999
SAN LUIS,TOLIMA,SÍ,0.38689999999999997
SAN LUIS,TOLIMA,NO,0.613
SANTA ISABEL,TOLIMA,SÍ,0.2785
SANTA ISABEL,TOLIMA,NO,0.7214
SUAREZ,TOLIMA,SÍ,0.3899
SUAREZ,TOLIMA,NO,0.61
VALLE DE SAN JUAN,TOLIMA,SÍ,0.4603
VALLE DE SAN JUAN,TOLIMA,NO,0.5396
VENADILLO,TOLIMA,SÍ,0.43770000000000003
VENADILLO,TOLIMA,NO,0.5622
VILLAHERMOSA,TOLIMA,SÍ,0.2588
VILLAHERMOSA,TOLIMA,NO,0.7411
VILLARRICA,TOLIMA,SÍ,0.38539999999999996
VILLARRICA,TOLIMA,NO,0.6145
ALCALA,VALLE,SÍ,0.4888
ALCALA,VALLE,NO,0.5111
ANDALUCIA,VALLE,SÍ,0.5212
ANDALUCIA,VALLE,NO,0.47869999999999996
ANSERMANUEVO,VALLE,SÍ,0.3159
ANSERMANUEVO,VALLE,NO,0.684
ARGELIA,VALLE,SÍ,0.4842
ARGELIA,VALLE,NO,0.5157
BOLIVAR,VALLE,SÍ,0.428
BOLIVAR,VALLE,NO,0.5719
BUENAVENTURA,VALLE,SÍ,0.7066
BUENAVENTURA,VALLE,NO,0.2933
BUGA,VALLE,SÍ,0.5046
BUGA,VALLE,NO,0.4953
BUGALAGRANDE,VALLE,SÍ,0.5754
BUGALAGRANDE,VALLE,NO,0.42450000000000004
CAICEDONIA,VALLE,SÍ,0.3889
CAICEDONIA,VALLE,NO,0.611
CALI,VALLE,SÍ,0.5427000000000001
CALI,VALLE,NO,0.4572
CALIMA (DARIEN),VALLE,SÍ,0.4879
CALIMA (DARIEN),VALLE,NO,0.512
CANDELARIA,VALLE,SÍ,0.46520000000000006
CANDELARIA,VALLE,NO,0.5347
CARTAGO,VALLE,SÍ,0.3811
CARTAGO,VALLE,NO,0.6188
DAGUA,VALLE,SÍ,0.44329999999999997
DAGUA,VALLE,NO,0.5566
EL AGUILA,VALLE,SÍ,0.30879999999999996
EL AGUILA,VALLE,NO,0.6911
EL CAIRO,VALLE,SÍ,0.5035000000000001
EL CAIRO,VALLE,NO,0.4964
EL CERRITO,VALLE,SÍ,0.5178
EL CERRITO,VALLE,NO,0.48210000000000003
EL DOVIO,VALLE,SÍ,0.3284
EL DOVIO,VALLE,NO,0.6715000000000001
FLORIDA,VALLE,SÍ,0.5670000000000001
FLORIDA,VALLE,NO,0.4329
GINEBRA,VALLE,SÍ,0.49369999999999997
GINEBRA,VALLE,NO,0.5062
GUACARI,VALLE,SÍ,0.5595
GUACARI,VALLE,NO,0.4404
JAMUNDI,VALLE,SÍ,0.5355
JAMUNDI,VALLE,NO,0.4644
LA CUMBRE,VALLE,SÍ,0.5018
LA CUMBRE,VALLE,NO,0.49810000000000004
LA UNION,VALLE,SÍ,0.2743
LA UNION,VALLE,NO,0.7256
LA VICTORIA,VALLE,SÍ,0.46340000000000003
LA VICTORIA,VALLE,NO,0.5365
OBANDO,VALLE,SÍ,0.4449
OBANDO,VALLE,NO,0.555
PALMIRA,VALLE,SÍ,0.5443
PALMIRA,VALLE,NO,0.4556
PRADERA,VALLE,SÍ,0.5104
PRADERA,VALLE,NO,0.48950000000000005
RESTREPO,VALLE,SÍ,0.40840000000000004
RESTREPO,VALLE,NO,0.5915
RIOFRIO,VALLE,SÍ,0.4069
RIOFRIO,VALLE,NO,0.593
ROLDANILLO,VALLE,SÍ,0.4208
ROLDANILLO,VALLE,NO,0.5791
SAN PEDRO,VALLE,SÍ,0.5017
SAN PEDRO,VALLE,NO,0.4982
SEVILLA,VALLE,SÍ,0.5139
SEVILLA,VALLE,NO,0.486
TORO,VALLE,SÍ,0.36340000000000006
TORO,VALLE,NO,0.6365
TRUJILLO,VALLE,SÍ,0.3729
TRUJILLO,VALLE,NO,0.627
TULUA,VALLE,SÍ,0.4576
TULUA,VALLE,NO,0.5423
ULLOA,VALLE,SÍ,0.5607
ULLOA,VALLE,NO,0.43920000000000003
VERSALLES,VALLE,SÍ,0.3685
VERSALLES,VALLE,NO,0.6314
VIJES,VALLE,SÍ,0.5383
VIJES,VALLE,NO,0.46159999999999995
YOTOCO,VALLE,SÍ,0.47479999999999994
YOTOCO,VALLE,NO,0.5251
YUMBO,VALLE,SÍ,0.5268
YUMBO,VALLE,NO,0.4731
ZARZAL,VALLE,SÍ,0.5019
ZARZAL,VALLE,NO,0.498
BUENOS AIRES (PACOA),VAUPES,SÍ,0.9139
BUENOS AIRES (PACOA),VAUPES,NO,0.086
CARURU,VAUPES,SÍ,0.8340000000000001
CARURU,VAUPES,NO,0.1659
MITU,VAUPES,SÍ,0.7562000000000001
MITU,VAUPES,NO,0.2437
MORICHAL (PAPUNAGUA),VAUPES,SÍ,0.9473
MORICHAL (PAPUNAGUA),VAUPES,NO,0.0526
TARAIRA,VAUPES,SÍ,0.7889
TARAIRA,VAUPES,NO,0.21100000000000002
YAVARATE,VAUPES,SÍ,0.8825
YAVARATE,VAUPES,NO,0.1174
CUMARIBO,VICHADA,SÍ,0.7404999999999999
CUMARIBO,VICHADA,NO,0.2594
LA PRIMAVERA,VICHADA,SÍ,0.27
LA PRIMAVERA,VICHADA,NO,0.7299
PUERTO CARREÑO,VICHADA,SÍ,0.46149999999999997
PUERTO CARREÑO,VICHADA,NO,0.5384
SANTA ROSALIA,VICHADA,SÍ,0.45530000000000004
SANTA ROSALIA,VICHADA,NO,0.5446
