id,name,zone_id,zone,lat,lon
44847,URIBIA,44,LA GUAJIRA,11.98791,-71.79311
44560,MANAURE,44,LA GUAJIRA,11.60607,-72.5708
44430,MAICAO,44,LA GUAJIRA,11.3845,-72.2937
44001,RIOHACHA,44,LA GUAJIRA,11.24783,-72.958
44090,DIBULLA,44,LA GUAJIRA,11.09236,-73.43917
47001,SANTA MARTA,47,MAGDALENA,11.10574,-73.9127
44378,HATONUEVO,44,LA GUAJIRA,11.09984,-72.71872
44078,BARRANCAS,44,LA GUAJIRA,10.95317,-72.70151
47189,CIENAGA,47,MAGDALENA,10.88686,-74.04008
08001,BARRANQUILLA,08,ATLANTICO,10.97941,-74.83367
47745,SITIONUEVO,47,MAGDALENA,10.86357,-74.63808
08573,PUERTO COLOMBIA,08,ATLANTICO,11.00017,-74.90993
44098,DISTRACCION,44,LA GUAJIRA,10.89965,-72.95522
44279,FONSECA,44,LA GUAJIRA,10.78653,-72.78868
44650,SAN JUAN DEL CESAR,44,LA GUAJIRA,10.77839,-73.06167
47570,PUEBLOVIEJO,47,MAGDALENA,10.8309,-74.37932
08832,TUBARA,08,ATLANTICO,10.89676,-74.98183
08296,GALAPA,08,ATLANTICO,10.89627,-74.87953
08758,SOLEDAD,08,ATLANTICO,10.89776,-74.78521
08433,MALAMBO,08,ATLANTICO,10.83736,-74.80641
08372,JUAN DE ACOSTA,08,ATLANTICO,10.81549,-75.07308
20001,VALLEDUPAR,20,CESAR,10.43251,-73.43194
47053,ARACATACA,47,MAGDALENA,10.61973,-73.91027
08078,BARANOA,08,ATLANTICO,10.78266,-74.91985
08634,SABANAGRANDE,08,ATLANTICO,10.78752,-74.76908
08558,POLONUEVO,08,ATLANTICO,10.75837,-74.85362
08549,PIOJO,08,ATLANTICO,10.73449,-75.15411
08849,USIACURI,08,ATLANTICO,10.73741,-74.99272
13673,SANTA CATALINA,13,BOLIVAR,10.68527,-75.27944
08685,SANTO TOMAS,08,ATLANTICO,10.72842,-74.79977
08520,PALMAR DE VARELA,08,ATLANTICO,10.68564,-74.77375
47268,EL RETEN,47,MAGDALENA,10.66814,-74.36238
47605,REMOLINO,47,MAGDALENA,10.63097,-74.60089
08638,SABANALARGA,08,ATLANTICO,10.61313,-74.95465
08560,PONEDERA,08,ATLANTICO,10.58016,-74.80239
08421,LURUACO,08,ATLANTICO,10.62287,-75.16833
13001,CARTAGENA,13,BOLIVAR,10.41852,-75.46234
20570,PUEBLO BELLO,20,CESAR,10.26725,-73.67303
47551,PIVIJAY,47,MAGDALENA,10.40518,-74.40893
44874,VILLANUEVA,44,LA GUAJIRA,10.56846,-72.97142
44110,EL MOLINO,44,LA GUAJIRA,10.57639,-72.82924
47288,FUNDACION,47,MAGDALENA,10.44997,-73.89396
13222,CLEMENCIA,13,BOLIVAR,10.53451,-75.30359
08606,REPELON,08,ATLANTICO,10.49573,-75.13519
47675,SALAMINA,47,MAGDALENA,10.49651,-74.72599
08141,CANDELARIA,08,ATLANTICO,10.4708,-74.88261
44855,URUMITA,44,LA GUAJIRA,10.47721,-72.97948
08436,MANATI,08,ATLANTICO,10.44114,-74.99249
13683,SANTA ROSA,13,BOLIVAR,10.43532,-75.34979
13873,VILLANUEVA,13,BOLIVAR,10.41372,-75.25801
47258,EL PIÑON,47,MAGDALENA,10.3364,-74.68058
08137,CAMPO DE LA CRUZ,08,ATLANTICO,10.37664,-74.8966
20621,LA PAZ,20,CESAR,10.12133,-73.24523
13647,SAN ESTANISLAO,13,BOLIVAR,10.336,-75.20304
20443,MANAURE,20,CESAR,10.36879,-72.97955
13760,SOPLAVIENTO,13,BOLIVAR,10.30615,-75.11564
13620,SAN CRISTOBAL,13,BOLIVAR,10.35501,-75.09152
13836,TURBACO,13,BOLIVAR,10.32225,-75.37302
20238,EL COPEY,20,CESAR,10.18274,-73.92928
08675,SANTA LUCIA,08,ATLANTICO,10.33479,-74.97373
47161,CERRO SAN ANTONIO,47,MAGDALENA,10.29037,-74.82485
13140,CALAMAR,13,BOLIVAR,10.2167,-74.99889
20750,SAN DIEGO,20,CESAR,10.23423,-73.24997
08770,SUAN,08,ATLANTICO,10.2956,-74.9157
13052,ARJONA,13,BOLIVAR,10.13191,-75.36559
13433,MAHATES,13,BOLIVAR,10.15536,-75.18118
13838,TURBANA,13,BOLIVAR,10.20391,-75.43596
47541,PEDRAZA,47,MAGDALENA,10.1523,-74.83371
47170,CHIVOLO,47,MAGDALENA,10.08568,-74.5456
20013,AGUSTIN CODAZZI,20,CESAR,9.928586,-73.26495
13248,EL GUAMO,13,BOLIVAR,10.02432,-74.92442
70713,SAN ONOFRE,70,SUCRE,9.801193,-75.50077
13657,SAN JUAN NEPOMUCENO,13,BOLIVAR,9.94679,-75.07131
13442,MARIA LA BAJA,13,BOLIVAR,9.960286,-75.34286
20060,BOSCONIA,20,CESAR,9.926435,-73.8853
47798,TENERIFE,47,MAGDALENA,9.912014,-74.73061
47555,PLATO,47,MAGDALENA,9.76195,-74.59934
47058,ARIGUAINI,47,MAGDALENA,9.822951,-74.09357
20045,BECERRIL,20,CESAR,9.729375,-73.24198
13654,SAN JACINTO,13,BOLIVAR,9.816496,-75.11444
13244,EL CARMEN DE BOLIVAR,13,BOLIVAR,9.692307,-75.15623
20250,EL PASO,20,CESAR,9.655993,-73.71207
13894,ZAMBRANO,13,BOLIVAR,9.738319,-74.89838
47707,SANTA ANA,47,MAGDALENA,9.527052,-74.31701
47545,PIJIÑO DEL CARMEN,47,MAGDALENA,9.466247,-74.22217
70508,OVEJAS,70,SUCRE,9.552962,-75.18161
20400,LA JAGUA DE IBIRICO,20,CESAR,9.535679,-73.33343
70230,CHALAN,70,SUCRE,9.571973,-75.31879
13212,CORDOBA,13,BOLIVAR,9.534568,-74.88965
70823,TOLUVIEJO,70,SUCRE,9.48662,-75.43805
70204,COLOSO,70,SUCRE,9.509957,-75.3586
20178,CHIRIGUANA,20,CESAR,9.406998,-73.54122
20032,ASTREA,20,CESAR,9.487158,-73.97501
70717,SAN PEDRO,70,SUCRE,9.407932,-75.02295
20175,CHIMICHAGUA,20,CESAR,9.215996,-73.76706
70418,LOS PALMITOS,70,SUCRE,9.421684,-75.20348
70473,MORROA,70,SUCRE,9.381072,-75.31794
47692,SAN SEBASTIAN DE BUENAVISTA,47,MAGDALENA,9.329108,-74.21261
47703,SAN ZENON,47,MAGDALENA,9.305148,-74.35909
13430,MAGANGUE,13,BOLIVAR,9.143161,-74.73612
70110,BUENAVISTA,70,SUCRE,9.313969,-74.95286
23672,SAN ANTERO,23,CORDOBA,9.348631,-75.76426
23675,SAN BERNARDO DEL VIENTO,23,CORDOBA,9.322933,-75.95263
70001,SINCELEJO,70,SUCRE,9.307115,-75.42587
13780,TALAIGUA NUEVO,13,BOLIVAR,9.316445,-74.65217
70742,SINCE,70,SUCRE,9.243556,-75.06541
70523,PALMITO,70,SUCRE,9.325755,-75.57253
70702,SAN JUAN DE BETULIA,70,SUCRE,9.282399,-75.19122
20228,CURUMANI,20,CESAR,9.211656,-73.49241
47318,GUAMAL,47,MAGDALENA,9.219634,-74.1547
70215,COROZAL,70,SUCRE,9.203182,-75.24896
47245,EL BANCO,47,MAGDALENA,9.103168,-73.99698
23500,MOÑITOS,23,CORDOBA,9.200728,-76.10958
23417,LORICA,23,CORDOBA,9.153724,-75.90234
23586,PURISIMA,23,CORDOBA,9.248229,-75.70802
23464,MOMIL,23,CORDOBA,9.233096,-75.63225
13468,MOMPOS,13,BOLIVAR,9.122274,-74.58371
13188,CICUCO,13,BOLIVAR,9.226952,-74.69061
54245,EL CARMEN,54,NORTE DE SANTANDER,8.845617,-73.34954
23670,SAN ANDRES DE SOTAVENTO,23,CORDOBA,9.135675,-75.51352
54206,CONVENCION,54,NORTE DE SANTANDER,8.790914,-73.24032
13650,SAN FERNANDO,13,BOLIVAR,9.073318,-74.40827
70670,SAMPUES,70,SUCRE,9.154635,-75.35313
23168,CHIMA,23,CORDOBA,9.092608,-75.63524
13440,MARGARITA,13,BOLIVAR,9.060267,-74.2781
70235,GALERAS,70,SUCRE,9.131031,-74.97425
23300,COTORRA,23,CORDOBA,9.052188,-75.77486
23182,CHINU,23,CORDOBA,9.005333,-75.35736
54800,TEORAMA,54,NORTE DE SANTANDER,8.745766,-73.16534
23574,PUERTO ESCONDIDO,23,CORDOBA,8.992732,-76.17502
54810,TIBU,54,NORTE DE SANTANDER,8.673108,-72.82881
70678,SAN BENITO ABAD,70,SUCRE,8.833166,-74.96945
23686,SAN PELAYO,23,CORDOBA,8.972413,-75.90688
20787,TAMALAMEQUE,20,CESAR,8.860908,-73.77718
13549,PINILLOS,13,BOLIVAR,8.821167,-74.37798
20517,PAILITAS,20,CESAR,8.923357,-73.5895
70771,SUCRE,70,SUCRE,8.810815,-74.75172
23189,CIENAGA DE ORO,23,CORDOBA,8.82828,-75.60284
13300,HATILLO DE LOBA,13,BOLIVAR,8.963525,-74.1207
23660,SAHAGUN,23,CORDOBA,8.782344,-75.43033
13268,EL PEÑON,13,BOLIVAR,8.81537,-73.94465
13667,SAN MARTIN DE LOBA,13,BOLIVAR,8.80373,-74.04233
23419,LOS CORDOBAS,23,CORDOBA,8.875225,-76.29834
23162,CERETE,23,CORDOBA,8.878826,-75.81881
13074,BARRANCO DE LOBA,13,BOLIVAR,8.816118,-74.16033
23001,MONTERIA,23,CORDOBA,8.581458,-75.95426
70124,CAIMITO,70,SUCRE,8.772247,-75.10674
05051,ARBOLETES,05,ANTIOQUIA,8.642461,-76.4216
20550,PELAYA,20,CESAR,8.768689,-73.60733
70400,LA UNION,70,SUCRE,8.793902,-75.2934
23678,SAN CARLOS,23,CORDOBA,8.694559,-75.68835
23090,CANALETE,23,CORDOBA,8.746186,-76.25486
54250,EL TARRA,54,NORTE DE SANTANDER,8.651223,-73.05004
13030,ALTOS DEL ROSARIO,13,BOLIVAR,8.73634,-74.22676
13580,REGIDOR,13,BOLIVAR,8.701461,-73.86092
05659,SAN JUAN DE URABA,05,ANTIOQUIA,8.680731,-76.50824
13006,ACHI,13,BOLIVAR,8.582427,-74.50312
20383,LA GLORIA,20,CESAR,8.594419,-73.64718
70429,MAJAGUAL,70,SUCRE,8.539694,-74.71917
70708,SAN MARCOS,70,SUCRE,8.573875,-75.16433
05490,NECOCLI,05,ANTIOQUIA,8.53229,-76.678
13600,RIO VIEJO,13,BOLIVAR,8.422858,-74.07362
27006,ACANDI,27,CHOCO,8.4034,-77.29799
13810,TIQUISIO,13,BOLIVAR,8.476048,-74.30256
05665,SAN PEDRO DE URABA,05,ANTIOQUIA,8.420485,-76.31415
23570,PUEBLO NUEVO,23,CORDOBA,8.460778,-75.39442
54670,SAN CALIXTO,54,NORTE DE SANTANDER,8.439239,-73.16234
23555,PLANETA RICA,23,CORDOBA,8.310956,-75.61271
70265,GUARANDA,70,SUCRE,8.365752,-74.68315
20011,AGUACHICA,20,CESAR,8.241805,-73.62073
23068,AYAPEL,23,CORDOBA,8.239135,-75.04256
54344,HACARI,54,NORTE DE SANTANDER,8.341142,-73.09291
20295,GAMARRA,20,CESAR,8.30964,-73.72054
13473,MORALES,13,BOLIVAR,8.247448,-73.93604
13458,MONTECRISTO,13,BOLIVAR,7.992365,-74.4549
20310,GONZALEZ,20,CESAR,8.3642,-73.39628
54720,SARDINATA,54,NORTE DE SANTANDER,8.231858,-72.81695
05837,TURBO,05,ANTIOQUIA,8.002047,-76.73415
23855,VALENCIA,23,CORDOBA,8.22537,-76.22083
54001,CUCUTA,54,NORTE DE SANTANDER,8.070012,-72.51774
54498,OCAÑA,54,NORTE DE SANTANDER,8.213101,-73.34602
13655,SAN JACINTO DEL CAUCA,13,BOLIVAR,8.162946,-74.66147
54553,PUERTO SANTANDER,54,NORTE DE SANTANDER,8.302841,-72.4594
27800,UNGUIA,27,CHOCO,8.103151,-77.10955
23079,BUENAVISTA,23,CORDOBA,8.173683,-75.44194
23807,TIERRALTA,23,CORDOBA,7.803673,-76.17378
54398,LA PLAYA,54,NORTE DE SANTANDER,8.238442,-73.20513
20614,RIO DE ORO,20,CESAR,8.157465,-73.50289
13042,ARENAL,13,BOLIVAR,8.194114,-74.1317
54261,EL ZULIA,54,NORTE DE SANTANDER,8.064152,-72.65563
54003,ABREGO,54,NORTE DE SANTANDER,7.997419,-73.1816
05495,NECHI,05,ANTIOQUIA,7.995346,-74.85487
54109,BUCARASICA,54,NORTE DE SANTANDER,8.057358,-72.94372
23466,MONTELIBANO,23,CORDOBA,7.876332,-75.72347
05250,EL BAGRE,05,ANTIOQUIA,7.74198,-74.67569
13744,SIMITI,13,BOLIVAR,7.814082,-73.9758
23350,LA APARTADA,23,CORDOBA,8.027544,-75.29881
68575,PUERTO WILCHES,68,SANTANDER,7.534244,-73.80161
13688,SANTA ROSA DEL SUR,13,BOLIVAR,7.695399,-74.27255
20770,SAN MARTIN,20,CESAR,7.911194,-73.60673
54871,VILLA CARO,54,NORTE DE SANTANDER,7.912717,-73.0035
05045,APARTADO,05,ANTIOQUIA,7.901676,-76.56943
05154,CAUCASIA,05,ANTIOQUIA,7.841797,-75.01056
20710,SAN ALBERTO,20,CESAR,7.834083,-73.46408
54418,LOURDES,54,NORTE DE SANTANDER,7.939063,-72.8651
54313,GRAMALOTE,54,NORTE DE SANTANDER,7.876848,-72.81841
05120,CACERES,05,ANTIOQUIA,7.663949,-75.23089
23580,PUERTO LIBERTADOR,23,CORDOBA,7.67819,-75.78005
54680,SANTIAGO,54,NORTE DE SANTANDER,7.867683,-72.73375
54673,SAN CAYETANO,54,NORTE DE SANTANDER,7.826589,-72.63433
27615,RIOSUCIO,27,CHOCO,7.370966,-77.34297
05147,CAREPA,05,ANTIOQUIA,7.799108,-76.65882
54660,SALAZAR,54,NORTE DE SANTANDER,7.752382,-72.89031
54874,VILLA DEL ROSARIO,54,NORTE DE SANTANDER,7.751229,-72.52053
54128,CACHIRA,54,NORTE DE SANTANDER,7.654542,-73.1931
54239,DURANIA,54,NORTE DE SANTANDER,7.717121,-72.69565
54405,LOS PATIOS,54,NORTE DE SANTANDER,7.702233,-72.56575
54385,LA ESPERANZA,54,NORTE DE SANTANDER,7.683043,-73.4053
05172,CHIGORODO,05,ANTIOQUIA,7.64211,-76.63582
05790,TARAZA,05,ANTIOQUIA,7.490293,-75.50063
54099,BOCHALEMA,54,NORTE DE SANTANDER,7.601107,-72.6836
68615,RIONEGRO,68,SANTANDER,7.444318,-73.37226
54051,ARBOLEDAS,54,NORTE DE SANTANDER,7.588641,-72.89263
05895,ZARAGOZA,05,ANTIOQUIA,7.480897,-74.87303
68655,SABANA DE TORRES,68,SANTANDER,7.415097,-73.59306
54172,CHINACOTA,54,NORTE DE SANTANDER,7.552698,-72.60027
54599,RAGONVALIA,54,NORTE DE SANTANDER,7.564984,-72.53556
68780,SURATA,68,SANTANDER,7.514415,-73.05447
54223,CUCUTILLA,54,NORTE DE SANTANDER,7.469157,-72.82039
68255,EL PLAYON,68,SANTANDER,7.514403,-73.19158
54520,PAMPLONITA,54,NORTE DE SANTANDER,7.455438,-72.6571
54347,HERRAN,54,NORTE DE SANTANDER,7.466424,-72.51683
13670,SAN PABLO,13,BOLIVAR,7.310966,-74.24078
68132,CALIFORNIA,68,SANTANDER,7.402757,-72.99249
27372,JURADO,27,CHOCO,7.125094,-77.69931
05736,SEGOVIA,05,ANTIOQUIA,7.245245,-74.65595
68867,VETAS,68,SANTANDER,7.333771,-72.93069
54820,TOLEDO,54,NORTE DE SANTANDER,7.205651,-72.33634
68444,MATANZA,68,SANTANDER,7.334968,-73.07797
13160,CANTAGALLO,13,BOLIVAR,7.226137,-74.1261
54518,PAMPLONA,54,NORTE DE SANTANDER,7.347766,-72.69611
05040,ANORI,05,ANTIOQUIA,7.174173,-75.11887
05854,VALDIVIA,05,ANTIOQUIA,7.270849,-75.39307
05361,ITUANGO,05,ANTIOQUIA,7.254314,-75.8667
68406,LEBRIJA,68,SANTANDER,7.194147,-73.31206
54377,LABATECA,54,NORTE DE SANTANDER,7.242107,-72.5492
54480,MUTISCUA,54,NORTE DE SANTANDER,7.295911,-72.79587
68169,CHARTA,68,SANTANDER,7.242673,-73.00274
54125,CACOTA,54,NORTE DE SANTANDER,7.248283,-72.6745
54743,SILOS,54,NORTE DE SANTANDER,7.145659,-72.81581
05031,AMALFI,05,ANTIOQUIA,6.975679,-74.98879
05893,YONDO,05,ANTIOQUIA,6.904743,-74.17319
68307,GIRON,68,SANTANDER,7.066386,-73.3146
05604,REMEDIOS,05,ANTIOQUIA,6.970138,-74.56908
68820,TONA,68,SANTANDER,7.155924,-72.96284
05887,YARUMAL,05,ANTIOQUIA,6.985208,-75.46486
54174,CHITAGA,54,NORTE DE SANTANDER,7.029513,-72.54771
68001,BUCARAMANGA,68,SANTANDER,7.134264,-73.12932
68081,BARRANCABERMEJA,68,SANTANDER,7.042206,-73.77884
05107,BRICEÑO,05,ANTIOQUIA,7.107522,-75.57006
05543,PEQUE,05,ANTIOQUIA,7.042936,-75.88269
05234,DABEIBA,05,ANTIOQUIA,6.993283,-76.32078
05134,CAMPAMENTO,05,ANTIOQUIA,7.032521,-75.31233
68689,SAN VICENTE DE CHUCURI,68,SANTANDER,6.865214,-73.51855
68276,FLORIDABLANCA,68,SANTANDER,7.060231,-73.08188
68092,BETULIA,68,SANTANDER,6.993477,-73.38769
68547,PIEDECUESTA,68,SANTANDER,6.953601,-73.01974
05819,TOLEDO,05,ANTIOQUIA,7.003565,-75.71933
81001,ARAUCA,81,ARAUCA,6.793125,-70.54283
68705,SANTA BARBARA,68,SANTANDER,6.935316,-72.92735
05628,SABANALARGA,05,ANTIOQUIA,6.893049,-75.80041
81736,SARAVENA,81,ARAUCA,6.880199,-71.87773
81065,ARAUQUITA,81,ARAUCA,6.761598,-71.29315
68318,GUACA,68,SANTANDER,6.914333,-72.84392
05842,URAMITA,05,ANTIOQUIA,6.957586,-76.10743
15223,CUBARA,15,BOYACA,6.853583,-72.20802
05475,MURINDO,05,ANTIOQUIA,6.820423,-76.70516
05647,SAN ANDRES,05,ANTIOQUIA,6.931764,-75.65747
05138,CAÑASGORDAS,05,ANTIOQUIA,6.834246,-76.02732
68162,CERRITO,68,SANTANDER,6.88827,-72.66716
68895,ZAPATOCA,68,SANTANDER,6.816344,-73.29249
05113,BURITICA,05,ANTIOQUIA,6.807667,-75.91362
05858,VEGACHI,05,ANTIOQUIA,6.814369,-74.78483
05038,ANGOSTURA,05,ANTIOQUIA,6.855502,-75.35846
05315,GUADALUPE,05,ANTIOQUIA,6.854257,-75.23434
68745,SIMACOTA,68,SANTANDER,6.645391,-73.71415
68669,SAN ANDRES,68,SANTANDER,6.781358,-72.83054
05284,FRONTINO,05,ANTIOQUIA,6.70646,-76.31632
05658,SAN JOSE DE LA MONTAÑA,05,ANTIOQUIA,6.819044,-75.69476
05310,GOMEZ PLATA,05,ANTIOQUIA,6.696301,-75.20224
68207,CONCEPCION,68,SANTANDER,6.768078,-72.63142
68418,LOS SANTOS,68,SANTANDER,6.795238,-73.12128
27099,BOJAYA,27,CHOCO,6.478231,-77.09298
68235,EL CARMEN DE CHUCURI,68,SANTANDER,6.667633,-73.61181
05686,SANTA ROSA DE OSOS,05,ANTIOQUIA,6.666569,-75.45605
68573,PUERTO PARRA,68,SANTANDER,6.674454,-73.97891
81300,FORTUL,81,ARAUCA,6.634726,-71.88869
05873,VIGIA DEL FUERTE,05,ANTIOQUIA,6.439957,-76.68396
15180,CHISCAS,15,BOYACA,6.652094,-72.43897
05150,CAROLINA,05,ANTIOQUIA,6.745508,-75.31804
05890,YOLOMBO,05,ANTIOQUIA,6.630776,-74.93612
68051,ARATOCA,68,SANTANDER,6.702039,-73.02576
27075,BAHIA SOLANO,27,CHOCO,6.303717,-77.35782
68160,CEPITA,68,SANTANDER,6.730633,-72.94573
05411,LIBORINA,05,ANTIOQUIA,6.719843,-75.79561
05086,BELMIRA,05,ANTIOQUIA,6.621605,-75.65371
05885,YALI,05,ANTIOQUIA,6.700236,-74.78586
68296,GALAN,68,SANTANDER,6.659107,-73.33838
68432,MALAGA,68,SANTANDER,6.704085,-72.76684
68190,CIMITARRA,68,SANTANDER,6.425456,-74.17126
68872,VILLANUEVA,68,SANTANDER,6.663227,-73.17464
05004,ABRIAQUI,05,ANTIOQUIA,6.624311,-76.08721
68152,CARCASI,68,SANTANDER,6.645457,-72.59027
05579,PUERTO BERRIO,05,ANTIOQUIA,6.46862,-74.53631
68370,JORDAN,68,SANTANDER,6.696789,-73.10639
15332,GUICAN,15,BOYACA,6.534004,-72.26973
05306,GIRALDO,05,ANTIOQUIA,6.65817,-75.95242
68079,BARICHARA,68,SANTANDER,6.642509,-73.23183
68266,ENCISO,68,SANTANDER,6.643983,-72.70374
68468,MOLAGAVITA,68,SANTANDER,6.62334,-72.84873
81220,CRAVO NORTE,81,ARAUCA,6.325434,-70.09667
81794,TAME,81,ARAUCA,6.354242,-71.76514
68684,SAN JOSE DE MIRANDA,68,SANTANDER,6.607023,-72.76969
05264,ENTRERRIOS,05,ANTIOQUIA,6.586107,-75.56687
68229,CURITI,68,SANTANDER,6.604219,-73.04201
81591,PUERTO RONDON,81,ARAUCA,6.386208,-70.93249
05501,OLAYA,05,ANTIOQUIA,6.60126,-75.78214
05042,SANTAFE DE ANTIOQUIA,05,ANTIOQUIA,6.533139,-75.91251
68121,CABRERA,68,SANTANDER,6.562613,-73.26435
68679,SAN GIL,68,SANTANDER,6.540106,-73.13402
05425,MACEO,05,ANTIOQUIA,6.516766,-74.73171
68464,MOGOTES,68,SANTANDER,6.47037,-72.98025
68344,HATO,68,SANTANDER,6.544417,-73.37474
05761,SOPETRAN,05,ANTIOQUIA,6.512341,-75.75887
68686,SAN MIGUEL,68,SANTANDER,6.554862,-72.66146
05847,URRAO,05,ANTIOQUIA,6.339644,-76.26237
68147,CAPITANEJO,68,SANTANDER,6.497862,-72.69965
05190,CISNEROS,05,ANTIOQUIA,6.542957,-75.08984
68425,MACARAVITA,68,SANTANDER,6.49529,-72.60666
15218,COVARACHIA,15,BOYACA,6.49372,-72.7726
05237,DON MATIAS,05,ANTIOQUIA,6.495215,-75.364
05690,SANTO DOMINGO,05,ANTIOQUIA,6.471401,-75.15119
68549,PINCHOTE,68,SANTANDER,6.50427,-73.18683
68522,PALMAR,68,SANTANDER,6.498271,-73.30353
68682,SAN JOAQUIN,68,SANTANDER,6.439138,-72.86986
68502,ONZAGA,68,SANTANDER,6.321792,-72.82948
05670,SAN ROQUE,05,ANTIOQUIA,6.441461,-74.94813
68861,VELEZ,68,SANTANDER,6.231173,-73.72215
68385,LANDAZURI,68,SANTANDER,6.304249,-73.84711
68755,SOCORRO,68,SANTANDER,6.454533,-73.25153
05125,CAICEDO,05,ANTIOQUIA,6.424191,-75.98837
05079,BARBOSA,05,ANTIOQUIA,6.428071,-75.34058
15248,EL ESPINO,15,BOYACA,6.464667,-72.49513
05664,SAN PEDRO,05,ANTIOQUIA,6.449739,-75.57013
05656,SAN JERONIMO,05,ANTIOQUIA,6.434903,-75.72373
68720,SANTA HELENA DEL OPON,68,SANTANDER,6.394541,-73.59643
68533,PARAMO,68,SANTANDER,6.433347,-73.17764
15317,GUACAMAYAS,15,BOYACA,6.415474,-72.53844
68855,VALLE DE SAN JOSE,68,SANTANDER,6.417252,-73.12606
15673,SAN MATEO,15,BOYACA,6.375227,-72.57349
68176,CHIMA,68,SANTANDER,6.359538,-73.42193
15522,PANQUEBA,15,BOYACA,6.402152,-72.47296
15810,TIPACOQUE,15,BOYACA,6.393637,-72.71944
05142,CARACOLI,05,ANTIOQUIA,6.324066,-74.73866
05206,CONCEPCION,05,ANTIOQUIA,6.378842,-75.2309
05308,GIRARDOTA,05,ANTIOQUIA,6.366126,-75.45957
15097,BOAVITA,15,BOYACA,6.306651,-72.63949
05212,COPACABANA,05,ANTIOQUIA,6.350071,-75.51593
05088,BELLO,05,ANTIOQUIA,6.353641,-75.59872
05240,EBEJICO,05,ANTIOQUIA,6.321008,-75.80141
68524,PALMAS DEL SOCORRO,68,SANTANDER,6.370688,-73.2785
05044,ANZA,05,ANTIOQUIA,6.303116,-75.91872
05021,ALEJANDRIA,05,ANTIOQUIA,6.351079,-75.11064
15244,EL COCUY,15,BOYACA,6.325698,-72.4326
05667,SAN RAFAEL,05,ANTIOQUIA,6.30056,-75.01105
68209,CONFINES,68,SANTANDER,6.34547,-73.20702
68498,OCAMONTE,68,SANTANDER,6.340419,-73.13412
05001,MEDELLIN,05,ANTIOQUIA,6.262553,-75.63276
05674,SAN VICENTE,05,ANTIOQUIA,6.30204,-75.33277
68217,COROMORO,68,SANTANDER,6.225084,-72.98439
68211,CONTRATACION,68,SANTANDER,6.289467,-73.47942
68397,LA PAZ,68,SANTANDER,6.2,-73.63299
68167,CHARALA,68,SANTANDER,6.172111,-73.17199
15753,SOATA,15,BOYACA,6.297236,-72.72095
68322,GUAPOTA,68,SANTANDER,6.305279,-73.32599
05541,PEÑOL,05,ANTIOQUIA,6.239633,-75.2358
27001,QUIBDO,27,CHOCO,5.936697,-76.67408
15403,LA UVITA,15,BOYACA,6.240157,-72.56191
68500,OIBA,68,SANTANDER,6.224298,-73.28752
05649,SAN CARLOS,05,ANTIOQUIA,6.180143,-74.90932
05318,GUARNE,05,ANTIOQUIA,6.261474,-75.44691
68245,EL GUACAMAYO,68,SANTANDER,6.24716,-73.5264
99001,PUERTO CARREÑO,NA,VICHADA,5.822188,-68.0401
68320,GUADALUPE,68,SANTANDER,6.202347,-73.40403
05321,GUATAPE,05,ANTIOQUIA,6.229804,-75.16894
05093,BETULIA,05,ANTIOQUIA,6.180556,-75.97018
05347,HELICONIA,05,ANTIOQUIA,6.21947,-75.76
15183,CHITA,15,BOYACA,6.076165,-72.46488
15774,SUSACON,15,BOYACA,6.182765,-72.75305
68101,BOLIVAR,68,SANTANDER,6.096468,-74.14677
05585,PUERTO NARE,05,ANTIOQUIA,6.108166,-74.70998
15572,PUERTO BOYACA,15,BOYACA,5.93647,-74.4783
85125,HATO COROZAL,85,CASANARE,6.075134,-71.20553
05440,MARINILLA,05,ANTIOQUIA,6.163579,-75.31761
05059,ARMENIA,05,ANTIOQUIA,6.158553,-75.82112
05615,RIONEGRO,05,ANTIOQUIA,6.149296,-75.4228
85136,LA SALINA,85,CASANARE,6.131909,-72.36265
05313,GRANADA,05,ANTIOQUIA,6.111053,-75.13749
05607,RETIRO,05,ANTIOQUIA,6.068504,-75.5271
68013,AGUADA,68,SANTANDER,6.157634,-73.52286
05360,ITAGUI,05,ANTIOQUIA,6.176264,-75.62878
05266,ENVIGADO,05,ANTIOQUIA,6.143366,-75.58486
99524,LA PRIMAVERA,NA,VICHADA,5.501138,-69.50291
05036,ANGELOPOLIS,05,ANTIOQUIA,6.120997,-75.72492
68264,ENCINO,68,SANTANDER,6.050013,-73.06448
05380,LA ESTRELLA,05,ANTIOQUIA,6.137192,-75.66301
68770,SUAITA,68,SANTANDER,6.079551,-73.36729
15368,JERICO,15,BOYACA,6.108343,-72.59468
68250,EL PEÑON,68,SANTANDER,6.065939,-73.9861
05209,CONCORDIA,05,ANTIOQUIA,6.059846,-75.91268
05631,SABANETA,05,ANTIOQUIA,6.125787,-75.6241
05697,EL SANTUARIO,05,ANTIOQUIA,6.121141,-75.26535
15720,SATIVANORTE,15,BOYACA,6.102693,-72.74994
68673,SAN BENITO,68,SANTANDER,6.098538,-73.53477
15839,TUTAZA,15,BOYACA,6.049263,-72.87601
05809,TITIRIBI,05,ANTIOQUIA,6.053533,-75.81529
05148,EL CARMEN DE VIBORAL,05,ANTIOQUIA,5.95735,-75.26461
05660,SAN LUIS,05,ANTIOQUIA,6.001317,-74.95646
15755,SOCOTA,15,BOYACA,5.905855,-72.57774
05129,CALDAS,05,ANTIOQUIA,6.035988,-75.63629
68179,CHIPATA,68,SANTANDER,6.061154,-73.65052
05642,SALGAR,05,ANTIOQUIA,5.988724,-76.02683
85315,SACAMA,85,CASANARE,6.025072,-72.24333
68773,SUCRE,68,SANTANDER,5.966861,-73.9621
05197,COCORNA,05,ANTIOQUIA,6.003682,-75.16713
85250,PAZ DE ARIPORO,85,CASANARE,5.75534,-70.8766
15686,SANTANA,15,BOYACA,6.042029,-73.50806
05030,AMAGA,05,ANTIOQUIA,6.020679,-75.71825
15723,SATIVASUR,15,BOYACA,6.043399,-72.73492
68327,GUEPSA,68,SANTANDER,6.022923,-73.592
15537,PAZ DE RIO,15,BOYACA,5.998996,-72.78479
05376,LA CEJA,05,ANTIOQUIA,5.993345,-75.4435
27025,ALTO BAUDO,27,CHOCO,5.627244,-77.07277
15757,SOCHA,15,BOYACA,5.926296,-72.6974
05400,LA UNION,05,ANTIOQUIA,5.937917,-75.36669
15087,BELEN,15,BOYACA,5.973317,-72.92047
15185,CHITARAQUE,15,BOYACA,5.958606,-73.45385
15664,SAN JOSE DE PARE,15,BOYACA,5.974194,-73.55581
05591,PUERTO TRIUNFO,05,ANTIOQUIA,5.937041,-74.70091
85400,TAMARA,85,CASANARE,5.854269,-72.23787
68298,GAMBITA,68,SANTANDER,5.900325,-73.36393
05861,VENECIA,05,ANTIOQUIA,5.951957,-75.79659
27495,NUQUI,27,CHOCO,5.678786,-77.31708
68077,BARBOSA,68,SANTANDER,5.947778,-73.63398
68377,LA BELLEZA,68,SANTANDER,5.887454,-74.03603
05679,SANTA BARBARA,05,ANTIOQUIA,5.864965,-75.59297
68324,GUAVATA,68,SANTANDER,5.931684,-73.71485
27245,EL CARMEN DE ATRATO,27,CHOCO,5.777166,-76.22635
15162,CERINZA,15,BOYACA,5.934554,-72.98784
15516,PAIPA,15,BOYACA,5.804338,-73.17971
15238,DUITAMA,15,BOYACA,5.86071,-73.08626
05467,MONTEBELLO,05,ANTIOQUIA,5.910112,-75.52779
05282,FREDONIA,05,ANTIOQUIA,5.875364,-75.69491
15693,SANTA ROSA DE VITERBO,15,BOYACA,5.883707,-73.01045
05652,SAN FRANCISCO,05,ANTIOQUIA,5.85758,-74.97592
15092,BETEITIVA,15,BOYACA,5.890805,-72.86861
15816,TOGUI,15,BOYACA,5.892069,-73.51027
15469,MONIQUIRA,15,BOYACA,5.840065,-73.57415
05792,TARSO,05,ANTIOQUIA,5.866394,-75.84325
15790,TASCO,15,BOYACA,5.84535,-72.75202
05101,CIUDAD BOLIVAR,05,ANTIOQUIA,5.841866,-76.05267
68572,PUENTE NACIONAL,68,SANTANDER,5.814545,-73.68957
05002,ABEJORRAL,05,ANTIOQUIA,5.792042,-75.44942
05756,SONSON,05,ANTIOQUIA,5.74408,-75.07859
68368,JESUS MARIA,68,SANTANDER,5.856701,-73.83188
15276,FLORESTA,15,BOYACA,5.82592,-72.94683
15507,OTANCHE,15,BOYACA,5.730341,-74.22662
05576,PUEBLORRICO,05,ANTIOQUIA,5.792942,-75.87387
05368,JERICO,05,ANTIOQUIA,5.760086,-75.77322
68271,FLORIAN,68,SANTANDER,5.80125,-74.01203
68020,ALBANIA,68,SANTANDER,5.767601,-73.86137
15215,CORRALES,15,BOYACA,5.787787,-72.87237
15763,SOTAQUIRA,15,BOYACA,5.759608,-73.2824
15114,BUSBANZA,15,BOYACA,5.80891,-72.89226
15550,PISBA,15,BOYACA,5.706368,-72.50461
05390,LA PINTADA,05,ANTIOQUIA,5.741182,-75.62602
15051,ARCABUCO,15,BOYACA,5.721225,-73.46385
25885,YACOPI,25,CUNDINAMARCA,5.570718,-74.38512
15296,GAMEZA,15,BOYACA,5.765556,-72.75166
85263,PORE,85,CASANARE,5.643758,-71.96266
05353,HISPANIA,05,ANTIOQUIA,5.769199,-75.94276
15533,PAYA,15,BOYACA,5.623785,-72.38511
15531,PAUNA,15,BOYACA,5.672065,-74.02268
05789,TAMESIS,05,ANTIOQUIA,5.667927,-75.71884
05091,BETANIA,05,ANTIOQUIA,5.711314,-76.02789
15293,GACHANTIVA,15,BOYACA,5.717433,-73.56493
15204,COMBITA,15,BOYACA,5.664123,-73.35348
15491,NOBSA,15,BOYACA,5.746242,-72.95374
15806,TIBASOSA,15,BOYACA,5.714173,-73.02554
25572,PUERTO SALGAR,25,CUNDINAMARCA,5.603599,-74.59921
15696,SANTA SOFIA,15,BOYACA,5.69987,-73.62621
15820,TOPAGA,15,BOYACA,5.732265,-72.85158
15632,SABOYA,15,BOYACA,5.68484,-73.77687
05034,ANDES,05,ANTIOQUIA,5.599354,-75.96603
05055,ARGELIA,05,ANTIOQUIA,5.701917,-75.1196
15681,SAN PABLO DE BORBUR,15,BOYACA,5.663412,-74.13413
15464,MONGUA,15,BOYACA,5.672375,-72.71325
15759,SOGAMOSO,15,BOYACA,5.637886,-72.9083
05856,VALPARAISO,05,ANTIOQUIA,5.62949,-75.65669
27413,LLORO,27,CHOCO,5.585834,-76.4242
17013,AGUADAS,17,CALDAS,5.58656,-75.4832
15832,TUNUNGUA,15,BOYACA,5.705265,-73.95595
15466,MONGUI,15,BOYACA,5.662715,-72.85329
15176,CHIQUINQUIRA,15,BOYACA,5.611128,-73.83715
15106,BRICEÑO,15,BOYACA,5.658007,-73.93089
15837,TUTA,15,BOYACA,5.643632,-73.21082
85225,NUNCHIA,85,CASANARE,5.501036,-72.11315
15407,VILLA DE LEYVA,15,BOYACA,5.631451,-73.54463
15272,FIRAVITOBA,15,BOYACA,5.637186,-73.04617
15776,SUTAMARCHAN,15,BOYACA,5.612606,-73.64822
15476,MOTAVITA,15,BOYACA,5.624251,-73.42894
05364,JARDIN,05,ANTIOQUIA,5.571136,-75.82904
05483,"NARIÑO",05,ANTIOQUIA,5.581195,-75.21425
15377,LABRANZAGRANDE,15,BOYACA,5.506407,-72.6201
15232,CHIQUIZA,15,BOYACA,5.617302,-73.49123
27073,BAGADO,27,CHOCO,5.474069,-76.2695
15442,MARIPI,15,BOYACA,5.554073,-74.05018
15580,QUIPAMA,15,BOYACA,5.557739,-74.27217
15500,OICATA,15,BOYACA,5.571473,-73.3073
15047,AQUITANIA,15,BOYACA,5.401266,-72.89847
15362,IZA,15,BOYACA,5.583313,-72.98493
15814,TOCA,15,BOYACA,5.556271,-73.18055
15762,SORA,15,BOYACA,5.571612,-73.49284
15001,TUNJA,15,BOYACA,5.510104,-73.41328
15808,TINJACA,15,BOYACA,5.563431,-73.7076
15542,PESCA,15,BOYACA,5.47254,-73.09815
15187,CHIVATA,15,BOYACA,5.538508,-73.28088
15131,CALDAS,15,BOYACA,5.543386,-73.91654
15638,SACHICA,15,BOYACA,5.540019,-73.5602
15676,SAN MIGUEL DE SEMA,15,BOYACA,5.522207,-73.77649
05145,CARAMANTA,05,ANTIOQUIA,5.539492,-75.66576
15480,MUZO,15,BOYACA,5.516068,-74.16194
15226,CUITIVA,15,BOYACA,5.548252,-72.95521
17513,PACORA,17,CALDAS,5.483873,-75.51369
17867,VICTORIA,17,CALDAS,5.4231,-74.86997
25745,SIMIJACA,25,CUNDINAMARCA,5.500493,-73.86596
15600,RAQUIRA,15,BOYACA,5.481035,-73.65246
27077,BAJO BAUDO,27,CHOCO,4.986333,-77.23081
15224,CUCAITA,15,BOYACA,5.513083,-73.48599
85325,SAN LUIS DE PALENQUE,85,CASANARE,5.20263,-71.59265
15822,TOTA,15,BOYACA,5.446586,-73.02946
85001,YOPAL,85,CASANARE,5.214941,-72.27471
25148,CAPARRAPI,25,CUNDINAMARCA,5.36145,-74.54059
85430,TRINIDAD,85,CASANARE,5.339597,-71.19379
15646,SAMACA,15,BOYACA,5.445144,-73.54499
99624,SANTA ROSALIA,99,VICHADA,5.01896,-70.65652
17541,PENSILVANIA,17,CALDAS,5.385481,-75.20081
17614,RIOSUCIO,17,CALDAS,5.427069,-75.78613
15740,SIACHOQUE,15,BOYACA,5.466917,-73.23087
15401,LA VICTORIA,15,BOYACA,5.490672,-74.24917
15109,BUENAVISTA,15,BOYACA,5.474778,-73.98603
17442,MARMATO,17,CALDAS,5.481012,-75.63744
17777,SUPIA,17,CALDAS,5.432068,-75.67039
15212,COPER,15,BOYACA,5.428443,-74.05863
15764,SORACA,15,BOYACA,5.4542,-73.34263
25779,SUSA,25,CUNDINAMARCA,5.423238,-73.84499
66456,MISTRATO,66,RISARALDA,5.365919,-76.00525
25317,GUACHETA,25,CUNDINAMARCA,5.377246,-73.71429
25288,FUQUENE,25,CUNDINAMARCA,5.390354,-73.79326
15879,VIRACACHA,15,BOYACA,5.411702,-73.29396
17653,SALAMINA,17,CALDAS,5.352742,-75.43105
99773,CUMARIBO,NA,VICHADA,4.216041,-69.52711
25154,CARMEN DE CARUPA,25,CUNDINAMARCA,5.330836,-73.94964
25518,PAIME,25,CUNDINAMARCA,5.366855,-74.1797
15621,RONDON,15,BOYACA,5.348148,-73.21592
15104,BOYACA,15,BOYACA,5.400363,-73.40382
17388,LA MERCED,17,CALDAS,5.379469,-75.5864
25394,LA PALMA,25,CUNDINAMARCA,5.315757,-74.42422
27135,CANTON DEL SAN PABLO,27,CHOCO,5.301001,-76.78729
15518,PAJARITO,15,BOYACA,5.344436,-72.71638
15861,VENTAQUEMADA,15,BOYACA,5.35761,-73.54628
25320,GUADUAS,25,CUNDINAMARCA,5.158868,-74.66168
25653,SAN CAYETANO,25,CUNDINAMARCA,5.287511,-74.09027
25823,TOPAIPI,25,CUNDINAMARCA,5.336464,-74.30866
15599,RAMIRIQUI,15,BOYACA,5.282107,-73.33032
15189,CIENEGA,15,BOYACA,5.361516,-73.29437
66572,PUEBLO RICO,66,RISARALDA,5.202634,-76.18818
15367,JENESANO,15,BOYACA,5.349666,-73.40563
66594,QUINCHIA,66,RISARALDA,5.316491,-75.75541
15494,NUEVO COLON,15,BOYACA,5.319223,-73.47609
66318,GUATICA,66,RISARALDA,5.309366,-75.8544
27787,TADO,27,CHOCO,5.272453,-76.45257
17272,FILADELFIA,17,CALDAS,5.279878,-75.61918
25843,UBATE,25,CUNDINAMARCA,5.294713,-73.84027
85010,AGUAZUL,85,CASANARE,5.096497,-72.56814
25407,LENGUAZAQUE,25,CUNDINAMARCA,5.282367,-73.70686
15804,TIBANA,15,BOYACA,5.281464,-73.42356
85279,RECETOR,85,CASANARE,5.225842,-72.78265
85015,CHAMEZA,85,CASANARE,5.188858,-72.88611
15835,TURMEQUE,15,BOYACA,5.270087,-73.53037
15897,ZETAQUIRA,15,BOYACA,5.254966,-73.17912
17050,ARANZAZU,17,CALDAS,5.253522,-75.50562
17446,MARULANDA,17,CALDAS,5.215381,-75.30951
25871,VILLAGOMEZ,25,CUNDINAMARCA,5.247565,-74.20797
17444,MARQUETALIA,17,CALDAS,5.288245,-75.07542
25873,VILLAPINZON,25,CUNDINAMARCA,5.207266,-73.60264
17433,MANZANARES,17,CALDAS,5.21669,-75.17594
25258,EL PEÑON,25,CUNDINAMARCA,5.241559,-74.31482
73443,MARIQUITA,73,TOLIMA,5.211674,-74.92721
73349,HONDA,73,TOLIMA,5.154065,-74.80394
25224,CUCUNUBA,25,CUNDINAMARCA,5.215214,-73.80279
17042,ANSERMA,17,CALDAS,5.200924,-75.78853
73283,FRESNO,73,TOLIMA,5.170561,-75.07982
15660,SAN EDUARDO,15,BOYACA,5.20338,-73.06918
17486,NEIRA,17,CALDAS,5.169702,-75.52694
25398,LA PEÑA,25,CUNDINAMARCA,5.186931,-74.4262
25513,PACHO,25,CUNDINAMARCA,5.148038,-74.178
25781,SUTATAUSA,25,CUNDINAMARCA,5.226689,-73.87665
66088,BELEN DE UMBRIA,66,RISARALDA,5.192887,-75.91126
15172,CHINAVITA,15,BOYACA,5.17553,-73.36779
15090,BERBEO,15,BOYACA,5.182388,-73.1223
15842,UMBITA,15,BOYACA,5.180926,-73.47989
25793,TAUSA,25,CUNDINAMARCA,5.17345,-73.96522
25851,UTICA,25,CUNDINAMARCA,5.164957,-74.49781
27205,CONDOTO,27,CHOCO,5.07776,-76.48567
66045,APIA,66,RISARALDA,5.117967,-76.03435
25183,CHOCONTA,25,CUNDINAMARCA,5.101147,-73.69676
27361,ITSMINA,27,CHOCO,4.764777,-76.88968
25772,SUESCA,25,CUNDINAMARCA,5.123038,-73.80045
15455,MIRAFLORES,15,BOYACA,5.119782,-73.20849
25489,NIMAIMA,25,CUNDINAMARCA,5.112491,-74.41045
25862,VERGARA,25,CUNDINAMARCA,5.109556,-74.32223
15514,PAEZ,15,BOYACA,5.066711,-73.02761
85230,OROCUE,85,CASANARE,4.877755,-71.61429
17616,RISARALDA,17,CALDAS,5.109735,-75.79371
15511,PACHAVITA,15,BOYACA,5.108615,-73.42144
15299,GARAGOA,15,BOYACA,5.055292,-73.33531
73270,FALAN,73,TOLIMA,5.063374,-74.98589
25200,COGUA,25,CUNDINAMARCA,5.084666,-73.99154
17001,MANIZALES,17,CALDAS,5.069119,-75.53951
73347,HERVEO,73,TOLIMA,5.058673,-75.26641
85410,TAURAMENA,85,CASANARE,4.661639,-72.64721
17665,SAN JOSE,17,CALDAS,5.068258,-75.83169
25899,ZIPAQUIRA,25,CUNDINAMARCA,5.02372,-74.03833
25592,QUEBRADANEGRA,25,CUNDINAMARCA,5.078488,-74.51862
73520,PALOCABILDO,73,TOLIMA,5.072275,-75.04236
25486,NEMOCON,25,CUNDINAMARCA,5.067106,-73.90339
15380,LA CAPILLA,15,BOYACA,5.077696,-73.47828
17524,PALESTINA,17,CALDAS,5.042922,-75.69343
17877,VITERBO,17,CALDAS,5.04289,-75.91619
25426,MACHETA,25,CUNDINAMARCA,5.011575,-73.63988
73055,ARMERO,73,TOLIMA,4.986122,-74.8781
25807,TIBIRITA,25,CUNDINAMARCA,5.059445,-73.53727
73152,CASABIANCA,73,TOLIMA,5.000147,-75.21024
66687,SANTUARIO,66,RISARALDA,5.023843,-76.01638
25777,SUPATA,25,CUNDINAMARCA,5.04208,-74.24375
25491,NOCAIMA,25,CUNDINAMARCA,5.043952,-74.40259
15135,CAMPOHERMOSO,15,BOYACA,4.974632,-73.16447
15798,TENZA,15,BOYACA,5.033937,-73.45123
25875,VILLETA,25,CUNDINAMARCA,4.996953,-74.50171
27491,NOVITA,27,CHOCO,4.869861,-76.54736
25736,SESQUILE,25,CUNDINAMARCA,4.985616,-73.79864
25769,SUBACHOQUE,25,CUNDINAMARCA,4.94871,-74.1716
17088,BELALCAZAR,17,CALDAS,4.977608,-75.84932
17174,CHINCHINA,17,CALDAS,4.973221,-75.70159
85139,MANI,85,CASANARE,4.645388,-72.22808
66383,LA CELIA,66,RISARALDA,4.988441,-76.08064
25402,LA VEGA,25,CUNDINAMARCA,4.958124,-74.35613
15322,GUATEQUE,15,BOYACA,4.986532,-73.5029
66440,MARSELLA,66,RISARALDA,4.928267,-75.78482
17873,VILLAMARIA,17,CALDAS,4.936125,-75.46151
25436,MANTA,25,CUNDINAMARCA,4.953877,-73.58117
73870,VILLAHERMOSA,73,TOLIMA,4.939179,-75.18615
15425,MACANAL,15,BOYACA,4.947846,-73.315
15778,SUTATENZA,15,BOYACA,4.993337,-73.44991
25295,GACHANCIPA,25,CUNDINAMARCA,4.9842,-73.89677
25718,SASAIMA,25,CUNDINAMARCA,4.926867,-74.42485
25658,SAN FRANCISCO,25,CUNDINAMARCA,4.94156,-74.28063
85162,MONTERREY,85,CASANARE,4.818201,-72.8757
25817,TOCANCIPA,25,CUNDINAMARCA,4.945366,-73.94499
66075,BALBOA,66,RISARALDA,4.913545,-75.98349
25168,CHAGUANI,25,CUNDINAMARCA,4.942977,-74.65625
15761,SOMONDOCO,15,BOYACA,4.922568,-73.45689
25785,TABIO,25,CUNDINAMARCA,4.931959,-74.09848
27660,SAN JOSE DEL PALMAR,27,CHOCO,4.884054,-76.33388
15022,ALMEIDA,15,BOYACA,4.919102,-73.40701
25326,GUATAVITA,25,CUNDINAMARCA,4.907263,-73.8359
76243,EL AGUILA,76,VALLE DEL CAUCA,4.888241,-76.11845
15325,GUAYATA,15,BOYACA,4.915815,-73.52587
85300,SABANALARGA,85,CASANARE,4.779774,-73.0194
25126,CAJICA,25,CUNDINAMARCA,4.908003,-74.04876
25662,SAN JUAN DE RIO SECO,25,CUNDINAMARCA,4.827909,-74.67977
66682,SANTA ROSA DE CABAL,66,RISARALDA,4.829528,-75.56895
25867,VIANI,25,CUNDINAMARCA,4.878084,-74.57186
25758,SOPO,25,CUNDINAMARCA,4.868556,-73.9826
15667,SAN LUIS DE GACENO,15,BOYACA,4.790958,-73.14728
73411,LIBANO,73,TOLIMA,4.832733,-75.10439
73408,LERIDA,73,TOLIMA,4.851822,-74.95239
25019,ALBAN,25,CUNDINAMARCA,4.881572,-74.46615
25297,GACHETA,25,CUNDINAMARCA,4.850141,-73.66856
25328,GUAYABAL DE  SIQUIMA,25,CUNDINAMARCA,4.863322,-74.50688
15690,SANTA MARIA,15,BOYACA,4.790394,-73.27994
73030,AMBALEMA,73,TOLIMA,4.802422,-74.83255
66400,LA VIRGINIA,66,RISARALDA,4.893535,-75.88551
25322,GUASCA,25,CUNDINAMARCA,4.792347,-73.86325
25260,EL ROSAL,25,CUNDINAMARCA,4.857509,-74.25042
15236,CHIVOR,15,BOYACA,4.838522,-73.37147
25175,CHIA,25,CUNDINAMARCA,4.840391,-74.0565
73461,MURILLO,73,TOLIMA,4.814403,-75.27533
66001,PEREIRA,66,RISARALDA,4.76676,-75.7299
25799,TENJO,25,CUNDINAMARCA,4.820673,-74.16252
25095,BITUIMA,25,CUNDINAMARCA,4.825073,-74.54783
25269,FACATATIVA,25,CUNDINAMARCA,4.817833,-74.35338
66170,DOSQUEBRADAS,66,RISARALDA,4.823644,-75.68682
25839,UBALA,25,CUNDINAMARCA,4.783176,-73.49523
76041,ANSERMANUEVO,76,VALLE DEL CAUCA,4.780869,-76.08929
50568,PUERTO GAITAN,50,META,3.991194,-71.63337
25430,MADRID,25,CUNDINAMARCA,4.754433,-74.27336
76246,EL CAIRO,76,VALLE DEL CAUCA,4.759393,-76.30107
25214,COTA,25,CUNDINAMARCA,4.772046,-74.14033
25086,BELTRAN,25,CUNDINAMARCA,4.707403,-74.77747
25040,ANOLAIMA,25,CUNDINAMARCA,4.77294,-74.48072
11001,BOGOTA D.C.,11,BOGOTA D.C,4.285658,-74.21082
25372,JUNIN,25,CUNDINAMARCA,4.684078,-73.7075
76147,CARTAGO,76,VALLE DEL CAUCA,4.683459,-75.97112
27745,SIPI,27,CHOCO,4.552296,-76.58487
25377,LA CALERA,25,CUNDINAMARCA,4.684471,-73.93204
76054,ARGELIA,76,VALLE DEL CAUCA,4.704357,-76.22517
25898,ZIPACON,25,CUNDINAMARCA,4.740842,-74.40843
73861,VENADILLO,73,TOLIMA,4.689487,-74.93441
25596,QUIPILE,25,CUNDINAMARCA,4.699442,-74.57466
73686,SANTA ISABEL,73,TOLIMA,4.723269,-75.22148
25286,FUNZA,25,CUNDINAMARCA,4.728105,-74.21539
25293,GACHALA,25,CUNDINAMARCA,4.61122,-73.54278
25299,GAMA,25,CUNDINAMARCA,4.705705,-73.61576
25099,BOJACA,25,CUNDINAMARCA,4.687615,-74.33437
25839,UBALA,25,CUNDINAMARCA,4.640088,-73.30823
25580,PULI,25,CUNDINAMARCA,4.675278,-74.69278
25123,CACHIPAY,25,CUNDINAMARCA,4.701527,-74.48338
76845,ULLOA,76,VALLE DEL CAUCA,4.694136,-75.81345
25797,TENA,25,CUNDINAMARCA,4.663525,-74.38628
25530,PARATEBUENO,25,CUNDINAMARCA,4.413443,-73.18223
25473,MOSQUERA,25,CUNDINAMARCA,4.65587,-74.24726
73043,ANZOATEGUI,73,TOLIMA,4.6207,-75.21749
76863,VERSALLES,76,VALLE DEL CAUCA,4.605846,-76.33539
63272,FILANDIA,63,QUINDIO,4.641913,-75.70567
85440,VILLANUEVA,85,CASANARE,4.497745,-72.84258
63690,SALENTO,63,QUINDIO,4.608057,-75.53264
76823,TORO,76,VALLE DEL CAUCA,4.619734,-76.12792
73026,ALVARADO,73,TOLIMA,4.567939,-75.01199
25386,LA MESA,25,CUNDINAMARCA,4.625927,-74.49034
76020,ALCALA,76,VALLE DEL CAUCA,4.648323,-75.81243
25279,FOMEQUE,25,CUNDINAMARCA,4.512264,-73.80342
50110,BARRANCA DE UPIA,50,META,4.471174,-72.98942
63190,CIRCASIA,63,QUINDIO,4.595038,-75.68542
73001,IBAGUE,73,TOLIMA,4.433135,-75.26002
25181,CHOACHI,25,CUNDINAMARCA,4.564423,-73.93504
25645,SAN ANTONIO DEL TEQUENDAMA,25,CUNDINAMARCA,4.585013,-74.36034
25368,JERUSALEN,25,CUNDINAMARCA,4.554017,-74.70665
25438,MEDINA,25,CUNDINAMARCA,4.436935,-73.42015
63594,QUIMBAYA,63,QUINDIO,4.590121,-75.83132
25754,SOACHA,25,CUNDINAMARCA,4.526557,-74.24954
25035,ANAPOIMA,25,CUNDINAMARCA,4.542596,-74.5431
73547,PIEDRAS,73,TOLIMA,4.491905,-74.93508
25599,APULO,25,CUNDINAMARCA,4.508096,-74.59403
76497,OBANDO,76,VALLE DEL CAUCA,4.568127,-75.97515
25245,EL COLEGIO,25,CUNDINAMARCA,4.537925,-74.44326
25815,TOCAIMA,25,CUNDINAMARCA,4.433593,-74.66231
25324,GUATAQUI,25,CUNDINAMARCA,4.498643,-74.80668
73124,CAJAMARCA,73,TOLIMA,4.421212,-75.51569
76400,LA UNION,76,VALLE DEL CAUCA,4.519629,-76.1468
63470,MONTENEGRO,63,QUINDIO,4.51992,-75.81382
63001,ARMENIA,63,QUINDIO,4.506135,-75.7204
76250,EL DOVIO,76,VALLE DEL CAUCA,4.487552,-76.38802
76403,LA VICTORIA,76,VALLE DEL CAUCA,4.473422,-75.97845
25841,UBAQUE,25,CUNDINAMARCA,4.481152,-73.99327
25312,GRANADA,25,CUNDINAMARCA,4.510313,-74.35368
63130,CALARCA,63,QUINDIO,4.458688,-75.66405
27250,EL LITORAL DEL SAN JUAN,27,CHOCO,4.276575,-76.98969
25740,SIBATE,25,CUNDINAMARCA,4.446742,-74.27978
50686,SAN JUANITO,50,META,4.426567,-73.69351
76622,ROLDANILLO,76,VALLE DEL CAUCA,4.426479,-76.23332
63401,LA TEBAIDA,63,QUINDIO,4.437464,-75.8244
25878,VIOTA,25,CUNDINAMARCA,4.417864,-74.50503
25743,SILVANIA,25,CUNDINAMARCA,4.422655,-74.38149
73200,COELLO,73,TOLIMA,4.333166,-74.95556
76895,ZARZAL,76,VALLE DEL CAUCA,4.355962,-76.09347
25178,CHIPAQUE,25,CUNDINAMARCA,4.412064,-74.07217
76736,SEVILLA,76,VALLE DEL CAUCA,4.190404,-75.89488
50245,EL CALVARIO,50,META,4.351549,-73.7409
25151,CAQUEZA,25,CUNDINAMARCA,4.386817,-73.95548
25483,"NARIÑO",25,CUNDINAMARCA,4.366913,-74.83945
50124,CABUYARO,50,META,4.282649,-72.9769
76100,BOLIVAR,76,VALLE DEL CAUCA,4.328395,-76.40842
25307,GIRARDOT,25,CUNDINAMARCA,4.316309,-74.83004
76122,CAICEDONIA,76,VALLE DEL CAUCA,4.307566,-75.85313
63212,CORDOBA,63,QUINDIO,4.381095,-75.66408
63111,BUENAVISTA,63,QUINDIO,4.377893,-75.76684
50606,RESTREPO,50,META,4.195936,-73.46506
25845,UNE,25,CUNDINAMARCA,4.338144,-74.05936
50573,PUERTO LOPEZ,50,META,4.036669,-72.61264
25001,AGUA DE DIOS,25,CUNDINAMARCA,4.355914,-74.68655
25535,PASCA,25,CUNDINAMARCA,4.299671,-74.26665
25290,FUSAGASUGA,25,CUNDINAMARCA,4.289665,-74.38067
73624,ROVIRA,73,TOLIMA,4.216577,-75.3864
25594,QUETAME,25,CUNDINAMARCA,4.293629,-73.85533
25805,TIBACUY,25,CUNDINAMARCA,4.304115,-74.51153
63548,PIJAO,63,QUINDIO,4.308312,-75.71067
25612,RICAURTE,25,CUNDINAMARCA,4.289014,-74.75073
25281,FOSCA,25,CUNDINAMARCA,4.299594,-73.96929
25488,NILO,25,CUNDINAMARCA,4.279768,-74.63442
63302,GENOVA,63,QUINDIO,4.224068,-75.75372
76113,BUGALAGRANDE,76,VALLE DEL CAUCA,4.192719,-76.12514
73622,RONCESVALLES,73,TOLIMA,4.094674,-75.60691
73678,SAN LUIS,73,TOLIMA,4.10817,-75.13742
50001,VILLAVICENCIO,50,META,4.071005,-73.48725
25339,GUTIERREZ,25,CUNDINAMARCA,4.155488,-74.07428
50226,CUMARAL,50,META,4.217344,-73.31828
73275,FLANDES,73,TOLIMA,4.225128,-74.85726
25053,ARBELAEZ,25,CUNDINAMARCA,4.209509,-74.41114
73854,VALLE DE SAN JUAN,73,TOLIMA,4.169602,-75.19076
76828,TRUJILLO,76,VALLE DEL CAUCA,4.203132,-76.38186
73449,MELGAR,73,TOLIMA,4.174946,-74.66971
73352,ICONONZO,73,TOLIMA,4.117917,-74.56224
25335,GUAYABETAL,25,CUNDINAMARCA,4.172612,-73.8772
73770,SUAREZ,73,TOLIMA,4.047987,-74.83173
76109,BUENAVENTURA,76,VALLE DEL CAUCA,3.586933,-77.08208
25524,PANDI,25,CUNDINAMARCA,4.15065,-74.48653
73148,CARMEN DE APICALA,73,TOLIMA,4.104088,-74.76389
76036,ANDALUCIA,76,VALLE DEL CAUCA,4.110522,-76.13978
73268,ESPINAL,73,TOLIMA,4.147961,-74.90984
73319,GUAMO,73,TOLIMA,4.044677,-74.99529
50006,ACACIAS,50,META,4.006349,-73.77641
25649,SAN BERNARDO,25,CUNDINAMARCA,4.126519,-74.35597
76616,RIOFRIO,76,VALLE DEL CAUCA,4.099672,-76.41386
76834,TULUA,76,VALLE DEL CAUCA,4.024085,-76.03034
76670,SAN PEDRO,76,VALLE DEL CAUCA,3.996803,-76.25741
73226,CUNDAY,73,TOLIMA,3.976558,-74.70417
76126,DARIEN,76,VALLE DEL CAUCA,3.951468,-76.63613
73504,ORTEGA,73,TOLIMA,3.922664,-75.28988
25506,VENECIA,25,CUNDINAMARCA,4.038525,-74.4706
73675,SAN ANTONIO,73,TOLIMA,3.949926,-75.50556
76890,YOTOCO,76,VALLE DEL CAUCA,3.928425,-76.42176
50318,GUAMAL,50,META,3.918935,-73.97902
25120,CABRERA,25,CUNDINAMARCA,3.870998,-74.46849
76111,BUGA,76,VALLE DEL CAUCA,3.872146,-76.11472
94001,INIRIDA,NA,GUAINIA,3.256897,-68.4058
73168,CHAPARRAL,73,TOLIMA,3.734036,-75.62131
73585,PURIFICACION,73,TOLIMA,3.846075,-74.90623
50223,SAN LUIS DE CUBARRAL,50,META,3.755973,-74.11069
50680,SAN CARLOS DE GUAROA,50,META,3.795499,-73.21382
73873,VILLARRICA,73,TOLIMA,3.819022,-74.64565
73671,SALDAÑA,73,TOLIMA,3.884536,-75.03281
73217,COYAIMA,73,TOLIMA,3.725148,-75.17065
50150,CASTILLA LA NUEVA,50,META,3.79088,-73.53175
76233,DAGUA,76,VALLE DEL CAUCA,3.638833,-76.72084
50689,SAN MARTIN,50,META,3.530803,-72.95795
76606,RESTREPO,76,VALLE DEL CAUCA,3.793658,-76.56303
76869,VIJES,76,VALLE DEL CAUCA,3.730117,-76.4901
76318,GUACARI,76,VALLE DEL CAUCA,3.771885,-76.30532
73563,PRADO,73,TOLIMA,3.725793,-74.89394
76306,GINEBRA,76,VALLE DEL CAUCA,3.735894,-76.20069
41206,COLOMBIA,41,HUILA,3.396616,-74.71679
76377,LA CUMBRE,76,VALLE DEL CAUCA,3.665264,-76.6039
76248,EL CERRITO,76,VALLE DEL CAUCA,3.674856,-76.21927
73236,DOLORES,73,TOLIMA,3.572992,-74.84342
94886,CACAHUAL,NA,GUAINIA,3.295338,-67.62482
76520,PALMIRA,76,VALLE DEL CAUCA,3.550959,-76.24902
73616,RIOBLANCO,73,TOLIMA,3.467039,-75.88098
50270,EL DORADO,50,META,3.651305,-73.79031
94343,BARRANCO MINAS,NA,GUAINIA,3.237265,-69.30069
73483,"NATAGAIMA",73,TOLIMA,3.534129,-75.14835
50370,LA URIBE,50,META,3.008849,-74.45323
50400,LEJANIAS,50,META,3.440675,-74.03834
50251,EL CASTILLO,50,META,3.574801,-73.96116
76892,YUMBO,76,VALLE DEL CAUCA,3.567399,-76.54001
73067,ATACO,73,TOLIMA,3.407344,-75.52793
50313,GRANADA,50,META,3.482853,-73.75848
76001,CALI,76,VALLE DEL CAUCA,3.396926,-76.59609
50330,MESETAS,50,META,3.050368,-74.1335
50287,FUENTE DE ORO,50,META,3.338558,-73.62602
73024,ALPUJARRA,73,TOLIMA,3.37167,-74.95888
76563,PRADERA,76,VALLE DEL CAUCA,3.414122,-76.18215
50577,PUERTO LLERAS,50,META,3.214901,-73.22836
76130,CANDELARIA,76,VALLE DEL CAUCA,3.380661,-76.42143
50325,MAPIRIPAN,50,META,3.094208,-71.94611
41872,VILLAVIEJA,41,HUILA,3.261966,-75.15852
41016,AIPE,41,HUILA,3.250597,-75.37843
76275,FLORIDA,76,VALLE DEL CAUCA,3.300884,-76.21179
73555,PLANADAS,73,TOLIMA,3.162909,-75.85051
76364,JAMUNDI,76,VALLE DEL CAUCA,3.197111,-76.66079
50683,SAN JUAN DE ARAMA,50,META,3.209032,-73.80842
19573,PUERTO TEJADA,19,CAUCA,3.264334,-76.44866
19455,MIRANDA,19,CAUCA,3.222966,-76.22838
41078,BARAYA,41,HUILA,3.162013,-74.98339
19513,PADILLA,19,CAUCA,3.196607,-76.35308
19418,LOPEZ,19,CAUCA,3.008745,-77.30981
41001,NEIVA,41,HUILA,3.008326,-75.3374
19142,CALOTO,19,CAUCA,3.067198,-76.39369
19212,CORINTO,19,CAUCA,3.133524,-76.20849
50711,VISTAHERMOSA,50,META,2.78543,-73.65017
41799,TELLO,41,HUILA,3.038049,-75.07585
19698,SANTANDER DE QUILICHAO,19,CAUCA,2.985156,-76.53087
50590,PUERTO RICO,50,META,2.780667,-73.13645
19110,BUENOS AIRES,19,CAUCA,2.989885,-76.69958
19821,TORIBIO,19,CAUCA,2.984049,-76.21475
94884,PUERTO COLOMBIA,NA,GUAINIA,2.416415,-68.1665
41676,SANTA MARIA,41,HUILA,2.968036,-75.72707
19809,TIMBIQUI,19,CAUCA,3.001487,-78.22921
41524,PALERMO,41,HUILA,2.875568,-75.44546
19780,SUAREZ,19,CAUCA,2.903039,-76.80369
19517,PAEZ,19,CAUCA,2.720755,-76.06175
41801,TERUEL,41,HUILA,2.839823,-75.70712
19364,JAMBALO,19,CAUCA,2.842036,-76.32331
19137,CALDONO,19,CAUCA,2.812456,-76.50443
19809,TIMBIQUI,19,CAUCA,2.706838,-77.54598
18753,SAN VICENTE DEL CAGUAN,18,CAQUETA,1.683864,-74.46116
19473,MORALES,19,CAUCA,2.791157,-76.77107
41357,IQUIRA,41,HUILA,2.764461,-75.79588
41615,RIVERA,41,HUILA,2.771193,-75.21304
95001,SAN JOSE DEL GUAVIARE,95,GUAVIARE,2.351183,-71.91058
19256,EL TAMBO,19,CAUCA,2.56814,-77.09439
50450,PUERTO CONCORDIA,50,META,2.71481,-72.65644
19548,PIENDAMO,19,CAUCA,2.699288,-76.59475
19743,SILVIA,19,CAUCA,2.664468,-76.37314
19130,CAJIBIO,19,CAUCA,2.646376,-76.74953
41483,"NATAGA",41,HUILA,2.660405,-75.8485
41132,CAMPOALEGRE,41,HUILA,2.651672,-75.36867
19318,GUAPI,19,CAUCA,2.433038,-77.66692
41885,YAGUARA,41,HUILA,2.632376,-75.52959
41020,ALGECIRAS,41,HUILA,2.541108,-75.23084
41797,TESALIA,41,HUILA,2.532922,-75.71235
52696,SANTA BARBARA,52,"NARIÑO",2.368699,-77.91644
19355,INZA,19,CAUCA,2.511911,-76.16314
50350,LA MACARENA,50,META,2.14481,-74.06496
52250,EL CHARCO,52,"NARIÑO",2.247446,-77.91025
41349,HOBO,41,HUILA,2.53161,-75.47481
19824,TOTORO,19,CAUCA,2.459197,-76.41065
52473,MOSQUERA,52,"NARIÑO",2.417399,-78.48977
52390,LA TOLA,52,"NARIÑO",2.285427,-78.28519
19001,POPAYAN,19,CAUCA,2.473805,-76.639
41306,GIGANTE,41,HUILA,2.377169,-75.53357
41396,LA PLATA,41,HUILA,2.317726,-76.10087
94883,SAN FELIPE,NA,GUAINIA,2.109079,-67.45923
52490,OLAYA  HERRERA,52,"NARIÑO",2.18416,-78.35092
19807,TIMBIO,19,CAUCA,2.367301,-76.76851
41518,PAICOL,41,HUILA,2.398393,-75.76651
52520,FRANCISCO PIZARRO,52,"NARIÑO",2.162365,-78.60854
19760,SOTARA,19,CAUCA,2.241109,-76.64352
19585,PURACE,19,CAUCA,2.225899,-76.47846
19050,ARGELIA,19,CAUCA,2.271525,-77.28026
41013,AGRADO,41,HUILA,2.28024,-75.74538
18592,PUERTO RICO,18,CAQUETA,1.882043,-75.121
19532,PATIA,19,CAUCA,2.155325,-77.0867
94887,PANA PANA,NA,GUAINIA,1.934412,-69.10539
41548,PITAL,41,HUILA,2.225933,-75.82865
19622,ROSAS,19,CAUCA,2.262845,-76.81233
41298,GARZON,41,HUILA,2.192586,-75.56925
52621,ROBERTO PAYAN,52,"NARIÑO",1.936121,-78.42061
19392,LA SIERRA,19,CAUCA,2.193432,-76.78217
18247,EL DONCELLO,18,CAQUETA,1.706509,-75.28322
95025,EL RETORNO,95,GUAVIARE,1.922936,-71.57386
41378,LA ARGENTINA,41,HUILA,2.173913,-76.20103
19075,BALBOA,19,CAUCA,2.103748,-77.22436
41791,TARQUI,41,HUILA,2.130575,-75.8903
52427,MAGUI,52,"NARIÑO",1.917067,-77.94035
41503,OPORAPA,41,HUILA,2.072674,-76.04274
52405,LEIVA,52,"NARIÑO",1.957969,-77.37239
19397,LA VEGA,19,CAUCA,2.059543,-76.80656
18001,FLORENCIA,18,CAQUETA,1.739041,-75.61773
41660,SALADOBLANCO,41,HUILA,2.06234,-76.20757
41319,GUADALUPE,41,HUILA,2.007195,-75.68126
41668,SAN AGUSTIN,41,HUILA,1.860762,-76.43094
41026,ALTAMIRA,41,HUILA,2.051638,-75.80072
41359,ISNOS,41,HUILA,1.97363,-76.27748
52835,TUMACO,52,"NARIÑO",1.584288,-78.69098
19100,BOLIVAR,19,CAUCA,1.816262,-76.98156
41244,ELIAS,41,HUILA,1.987083,-75.97701
97777,PAPUNAUA,97,VAUPES,1.624083,-70.62996
41770,SUAZA,41,HUILA,1.885751,-75.82558
19693,SAN SEBASTIAN,19,CAUCA,1.864209,-76.74662
41807,TIMANA,41,HUILA,1.909437,-75.96953
19022,ALMAGUER,19,CAUCA,1.906167,-76.87866
95015,CALAMAR,95,GUAVIARE,1.523074,-73.06002
19450,MERCADERES,19,CAUCA,1.789855,-77.2032
41551,PITALITO,41,HUILA,1.75809,-76.16081
52540,POLICARPA,52,"NARIÑO",1.730392,-77.4891
19701,SANTA ROSA,19,CAUCA,1.507075,-76.57527
52256,EL ROSARIO,52,"NARIÑO",1.783126,-77.38878
41006,ACEVEDO,41,HUILA,1.686047,-75.96717
18256,EL PAUJIL,18,CAQUETA,1.527668,-75.41492
95200,MIRAFLORES,95,GUAVIARE,1.264152,-72.05312
41530,PALESTINA,41,HUILA,1.629176,-76.13319
18410,LA MONTAÑITA,18,CAQUETA,1.342815,-75.42595
52233,CUMBITARA,52,"NARIÑO",1.674111,-77.59004
52079,BARBACOAS,52,"NARIÑO",1.530547,-78.13575
18094,BELEN DE LOS ANDAQUIES,18,CAQUETA,1.456662,-75.9294
19290,FLORENCIA,19,CAUCA,1.710508,-77.08707
52418,LOS ANDES,52,"NARIÑO",1.574963,-77.62481
52693,SAN PABLO,52,"NARIÑO",1.667363,-77.02173
97161,CARURU,97,VAUPES,1.01784,-71.33436
52786,TAMINANGO,52,"NARIÑO",1.591075,-77.35187
52203,COLON,52,"NARIÑO",1.636388,-77.0827
52399,LA UNION,52,"NARIÑO",1.623959,-77.15672
52687,SAN LORENZO,52,"NARIÑO",1.553996,-77.24244
94885,LA GUADALUPE,NA,GUAINIA,1.365327,-67.02309
97001,MITU,97,VAUPES,0.9691659,-70.40635
52378,LA CRUZ,52,"NARIÑO",1.561723,-76.92292
52083,BELEN,52,"NARIÑO",1.589864,-77.05032
18479,MORELIA,18,CAQUETA,1.488221,-75.77919
52385,LA LLANADA,52,"NARIÑO",1.509529,-77.70203
52694,SAN PEDRO DE CARTAGO,52,"NARIÑO",1.552359,-77.12524
52685,SAN BERNARDO,52,"NARIÑO",1.535991,-77.03541
52019,ALBAN,52,"NARIÑO",1.495938,-77.08261
52051,ARBOLEDA,52,"NARIÑO",1.491421,-77.15981
52678,SAMANIEGO,52,"NARIÑO",1.435016,-77.72342
19533,PIAMONTE,19,CAUCA,1.141781,-76.3255
52260,EL TAMBO,52,"NARIÑO",1.443476,-77.41599
18610,SAN JOSE DEL FRAGUA,18,CAQUETA,1.303838,-76.16176
52240,CHACHAGUI,52,"NARIÑO",1.433739,-77.31295
52258,EL TABLON,52,"NARIÑO",1.376774,-76.97274
52411,LINARES,52,"NARIÑO",1.395436,-77.54118
52612,RICAURTE,52,"NARIÑO",1.202498,-78.21804
52110,BUESACO,52,"NARIÑO",1.335176,-77.16886
52699,SANTA CRUZ,52,"NARIÑO",1.31974,-77.77057
52381,LA FLORIDA,52,"NARIÑO",1.353418,-77.41017
18150,CARTAGENA DEL CHAIRA,18,CAQUETA,0.8495864,-74.60302
86001,MOCOA,86,PUTUMAYO,1.157121,-76.637
52683,SANDONA,52,"NARIÑO",1.303747,-77.47916
18860,VALPARAISO,18,CAQUETA,1.125888,-75.72134
18460,MILAN,18,CAQUETA,1.150891,-75.54312
18029,ALBANIA,18,CAQUETA,1.238163,-75.93459
52001,PASTO,52,"NARIÑO",1.037823,-77.20809
52565,PROVIDENCIA,52,"NARIÑO",1.245848,-77.62725
52435,MALLAMA,52,"NARIÑO",1.16705,-77.86643
52036,ANCUYA,52,"NARIÑO",1.270342,-77.56552
86755,SAN FRANCISCO,86,PUTUMAYO,1.148132,-76.8508
52838,TUQUERRES,52,"NARIÑO",1.156852,-77.66705
52207,CONSACA,52,"NARIÑO",1.223435,-77.47428
86749,SIBUNDOY,86,PUTUMAYO,1.204269,-76.95622
52320,GUAITARILLA,52,"NARIÑO",1.175985,-77.55524
18205,CURILLO,18,CAQUETA,1.096547,-76.02769
52885,YACUANQUER,52,"NARIÑO",1.157942,-77.43881
86219,COLON,86,PUTUMAYO,1.169999,-77.0316
18756,SOLANO,18,CAQUETA,0.2254686,-73.27321
52788,TANGUA,52,"NARIÑO",1.089635,-77.38385
86760,SANTIAGO,86,PUTUMAYO,1.035176,-76.94923
52354,IMUES,52,"NARIÑO",1.089171,-77.52952
52720,SAPUYES,52,"NARIÑO",1.05648,-77.70265
52287,FUNES,52,"NARIÑO",0.9209484,-77.3362
18785,SOLITA,18,CAQUETA,0.9508903,-75.7848
52227,CUMBAL,52,"NARIÑO",0.9269678,-77.9643
52506,OSPINA,52,"NARIÑO",1.049824,-77.59626
86885,VILLAGARZON,86,PUTUMAYO,0.8935556,-76.72425
97889,YAVARATE,NA,VAUPES,0.7883115,-69.64596
52317,GUACHUCAL,52,"NARIÑO",0.9993012,-77.77769
86571,PUERTO GUZMAN,86,PUTUMAYO,0.7434514,-75.90917
52352,ILES,52,"NARIÑO",0.9977298,-77.54596
52585,PUPIALES,52,"NARIÑO",0.9325688,-77.66534
52323,GUALMATAN,52,"NARIÑO",0.9520647,-77.60546
86320,ORITO,86,PUTUMAYO,0.6651178,-76.93151
52022,ALDANA,52,"NARIÑO",0.91088,-77.73299
52210,CONTADERO,52,"NARIÑO",0.9303515,-77.54304
52573,PUERRES,52,"NARIÑO",0.8199454,-77.31948
52224,CUASPUD,52,"NARIÑO",0.8777237,-77.7765
52215,CORDOBA,52,"NARIÑO",0.7863189,-77.35421
52356,IPIALES,52,"NARIÑO",0.5688277,-77.38362
52560,POTOSI,52,"NARIÑO",0.7450386,-77.40294
97511,PACOA,97,VAUPES,0.1543924,-70.89567
86569,PUERTO CAICEDO,86,PUTUMAYO,0.673287,-76.41012
86573,PUERTO LEGUIZAMO,86,PUTUMAYO,0.05987182,-75.09923
86568,PUERTO ASIS,86,PUTUMAYO,0.4600902,-76.33407
86865,VALLE DEL GUAMUEZ,86,PUTUMAYO,0.3892805,-76.94826
86757,SAN MIGUEL,86,PUTUMAYO,0.3130582,-76.7597
91460,MIRITI-PARANA,91,AMAZONAS,-0.7261742,-71.17186
97666,TARAIRA,NA,VAUPES,-0.7619227,-69.90403
91669,PUERTO SANTANDER,91,AMAZONAS,-1.184313,-71.99914
91405,LA CHORRERA,91,AMAZONAS,-1.318869,-72.88926
91407,LA PEDRERA,91,AMAZONAS,-1.517606,-70.04239
91263,EL ENCANTO,91,AMAZONAS,-2.080007,-72.77999
91798,TARAPACA,91,AMAZONAS,-2.568278,-70.00786
91001,LETICIA,91,AMAZONAS,-3.574913,-70.04078
91540,PUERTO NARIÑO,91,AMAZONAS,-3.651845,-70.44398
70233,EL ROBLE,70,SUCRE,9.07252,-75.1454
44420,LA JAGUA DEL PILAR,44,LA GUAJIRA,10.4314,-73.0667
44035,ALBANIA,44,LA GUAJIRA,11.22642,-72.53154
47980,ZONA BANANERA,47,MAGDALENA,10.79525,-74.17908
47030,ALGARROBO,47,MAGDALENA,10.26314,-74.11652
47205,CONCORDIA,47,MAGDALENA,10.23263,-74.77318
47960,ZAPAYAN,47,MAGDALENA,10.11938,-74.69328
13062,ARROYOHONDO,13,BOLIVAR,10.19229,-75.04689
47660,SABANAS DE SAN ANGEL,47,MAGDALENA,10.0732,-74.27685
47460,NUEVA GRANADA,47,MAGDALENA,9.728353,-74.33054
47720,SANTA BARBARA DE PINTO,47,MAGDALENA,9.51183,-74.6603
94663,MAPIRIPANA,94,GUAINIA,2.786052,-70.25026
94888,MORICHAL,NA,GUAINIA,2.388842,-69.78257
91430,LA VICTORIA,91,AMAZONAS,-0.1197464,-71.21315
91536,PUERTO ARICA,91,AMAZONAS,-1.973806,-71.13795
91530,PUERTO ALEGRIA,91,AMAZONAS,-0.9717942,-73.84487
52254,EL PEÑOL,52,"NARIÑO",1.512048,-77.45905
52480,"NARIÑO",52,"NARIÑO",1.306434,-77.35785
19785,SUCRE,19,CAUCA,2.035626,-76.96195
19845,VILLA RICA,19,CAUCA,3.173879,-76.48719
70820,TOLU,70,SUCRE,9.517086,-75.54191
70221,COVEÑAS,70,SUCRE,9.377655,-75.66967
17380,LA DORADA,17,CALDAS,5.510126,-74.73956
17495,NORCASIA,17,CALDAS,5.533304,-74.95483
17662,SAMANA,17,CALDAS,5.578041,-75.05797
27425,MEDIO ATRATO,27,CHOCO,6.020884,-76.69938
27050,ATRATO,27,CHOCO,5.56258,-76.60607
27600,RIO QUITO,27,CHOCO,5.555876,-76.81309
27160,CERTEGUI,27,CHOCO,5.362805,-76.58756
27810,UNION PANAMERICANA,27,CHOCO,5.247626,-76.65479
27430,MEDIO BAUDO,27,CHOCO,5.138764,-77.08761
27580,RIO IRO,27,CHOCO,5.150852,-76.45784
27450,MEDIO SAN JUAN,27,CHOCO,4.931125,-76.73557
27086,BELEN DE BAJIRA,27,CHOCO,7.360087,-76.80359
05480,MUTATA,05,ANTIOQUIA,7.327887,-76.47238
27150,CARMEN DEL DARIEN,27,CHOCO,7.016397,-76.98959
88001,SAN ANDRES,88,ARCHIPIELAGO DE SAN ANDRES PROVIDENCIA Y SANTA CATALINA,12.54731,-81.71871
88564,PROVIDENCIA,88,ARCHIPIELAGO DE SAN ANDRES PROVIDENCIA Y SANTA CATALINA,13.35035,-81.37503
