region_code,region_name,id
frontera_venezolana,Frontera venezolana,20443
frontera_venezolana,Frontera venezolana,20013
frontera_venezolana,Frontera venezolana,20178
frontera_venezolana,Frontera venezolana,20621
frontera_venezolana,Frontera venezolana,20400
frontera_venezolana,Frontera venezolana,81736
frontera_venezolana,Frontera venezolana,81001
frontera_venezolana,Frontera venezolana,81065
frontera_venezolana,Frontera venezolana,81220
frontera_venezolana,Frontera venezolana,81300
frontera_venezolana,Frontera venezolana,81591
frontera_venezolana,Frontera venezolana,81794
frontera_venezolana,Frontera venezolana,99773
frontera_venezolana,Frontera venezolana,99524
frontera_venezolana,Frontera venezolana,99001
frontera_venezolana,Frontera venezolana,15223
frontera_venezolana,Frontera venezolana,44847
frontera_venezolana,Frontera venezolana,44430
frontera_venezolana,Frontera venezolana,44035
frontera_venezolana,Frontera venezolana,44378
frontera_venezolana,Frontera venezolana,44078
frontera_venezolana,Frontera venezolana,44279
frontera_venezolana,Frontera venezolana,44110
frontera_venezolana,Frontera venezolana,44874
frontera_venezolana,Frontera venezolana,44855
frontera_venezolana,Frontera venezolana,44420
frontera_venezolana,Frontera venezolana,54245
frontera_venezolana,Frontera venezolana,54206
frontera_venezolana,Frontera venezolana,54800
frontera_venezolana,Frontera venezolana,54810
frontera_venezolana,Frontera venezolana,54553
frontera_venezolana,Frontera venezolana,54001
frontera_venezolana,Frontera venezolana,54599
frontera_venezolana,Frontera venezolana,54874
frontera_venezolana,Frontera venezolana,54347
frontera_venezolana,Frontera venezolana,54820
zona_cafetera,Zona Cafetera,17013
zona_cafetera,Zona Cafetera,17042
zona_cafetera,Zona Cafetera,17050
zona_cafetera,Zona Cafetera,17088
zona_cafetera,Zona Cafetera,17174
zona_cafetera,Zona Cafetera,17272
zona_cafetera,Zona Cafetera,17380
zona_cafetera,Zona Cafetera,17388
zona_cafetera,Zona Cafetera,17867
zona_cafetera,Zona Cafetera,17001
zona_cafetera,Zona Cafetera,17433
zona_cafetera,Zona Cafetera,17442
zona_cafetera,Zona Cafetera,17444
zona_cafetera,Zona Cafetera,17446
zona_cafetera,Zona Cafetera,17486
zona_cafetera,Zona Cafetera,17495
zona_cafetera,Zona Cafetera,17524
zona_cafetera,Zona Cafetera,17541
zona_cafetera,Zona Cafetera,17513
zona_cafetera,Zona Cafetera,17616
zona_cafetera,Zona Cafetera,17614
zona_cafetera,Zona Cafetera,17653
zona_cafetera,Zona Cafetera,17662
zona_cafetera,Zona Cafetera,17665
zona_cafetera,Zona Cafetera,17777
zona_cafetera,Zona Cafetera,17873
zona_cafetera,Zona Cafetera,17877
zona_cafetera,Zona Cafetera,63001
zona_cafetera,Zona Cafetera,63111
zona_cafetera,Zona Cafetera,63130
zona_cafetera,Zona Cafetera,63190
zona_cafetera,Zona Cafetera,63212
zona_cafetera,Zona Cafetera,63272
zona_cafetera,Zona Cafetera,63302
zona_cafetera,Zona Cafetera,63401
zona_cafetera,Zona Cafetera,63470
zona_cafetera,Zona Cafetera,63548
zona_cafetera,Zona Cafetera,63594
zona_cafetera,Zona Cafetera,63690
zona_cafetera,Zona Cafetera,66045
zona_cafetera,Zona Cafetera,66075
zona_cafetera,Zona Cafetera,66088
zona_cafetera,Zona Cafetera,66170
zona_cafetera,Zona Cafetera,66318
zona_cafetera,Zona Cafetera,66383
zona_cafetera,Zona Cafetera,66400
zona_cafetera,Zona Cafetera,66440
zona_cafetera,Zona Cafetera,66456
zona_cafetera,Zona Cafetera,66001
zona_cafetera,Zona Cafetera,66572
zona_cafetera,Zona Cafetera,66594
zona_cafetera,Zona Cafetera,66682
zona_cafetera,Zona Cafetera,66687
amazonas,Amazonas,91001
amazonas,Amazonas,91540
antioquia,Antioquia,05002
antioquia,Antioquia,05004
antioquia,Antioquia,05021
antioquia,Antioquia,05030
antioquia,Antioquia,05031
antioquia,Antioquia,05034
antioquia,Antioquia,05036
antioquia,Antioquia,05038
antioquia,Antioquia,05040
antioquia,Antioquia,05044
antioquia,Antioquia,05045
antioquia,Antioquia,05051
antioquia,Antioquia,05055
antioquia,Antioquia,05059
antioquia,Antioquia,05079
antioquia,Antioquia,05088
antioquia,Antioquia,05086
antioquia,Antioquia,05091
antioquia,Antioquia,05093
antioquia,Antioquia,05101
antioquia,Antioquia,05107
antioquia,Antioquia,05113
antioquia,Antioquia,05125
antioquia,Antioquia,05129
antioquia,Antioquia,05134
antioquia,Antioquia,05142
antioquia,Antioquia,05145
antioquia,Antioquia,05147
antioquia,Antioquia,05148
antioquia,Antioquia,05150
antioquia,Antioquia,05154
antioquia,Antioquia,05138
antioquia,Antioquia,05172
antioquia,Antioquia,05190
antioquia,Antioquia,05197
antioquia,Antioquia,05206
antioquia,Antioquia,05209
antioquia,Antioquia,05212
antioquia,Antioquia,05120
antioquia,Antioquia,05234
antioquia,Antioquia,05237
antioquia,Antioquia,05240
antioquia,Antioquia,05250
antioquia,Antioquia,05264
antioquia,Antioquia,05266
antioquia,Antioquia,05282
antioquia,Antioquia,05284
antioquia,Antioquia,05306
antioquia,Antioquia,05308
antioquia,Antioquia,05313
antioquia,Antioquia,05315
antioquia,Antioquia,05318
antioquia,Antioquia,05321
antioquia,Antioquia,05310
antioquia,Antioquia,05347
antioquia,Antioquia,05353
antioquia,Antioquia,05360
antioquia,Antioquia,05361
antioquia,Antioquia,05364
antioquia,Antioquia,05368
antioquia,Antioquia,05376
antioquia,Antioquia,05380
antioquia,Antioquia,05390
antioquia,Antioquia,05400
antioquia,Antioquia,05411
antioquia,Antioquia,05425
antioquia,Antioquia,05440
antioquia,Antioquia,05001
antioquia,Antioquia,05467
antioquia,Antioquia,05475
antioquia,Antioquia,05480
antioquia,Antioquia,05483
antioquia,Antioquia,05495
antioquia,Antioquia,05490
antioquia,Antioquia,05501
antioquia,Antioquia,05543
antioquia,Antioquia,05541
antioquia,Antioquia,05576
antioquia,Antioquia,05579
antioquia,Antioquia,05585
antioquia,Antioquia,05591
antioquia,Antioquia,05604
antioquia,Antioquia,05607
antioquia,Antioquia,05615
antioquia,Antioquia,05628
antioquia,Antioquia,05631
antioquia,Antioquia,05642
antioquia,Antioquia,05647
antioquia,Antioquia,05649
antioquia,Antioquia,05652
antioquia,Antioquia,05656
antioquia,Antioquia,05658
antioquia,Antioquia,05659
antioquia,Antioquia,05660
antioquia,Antioquia,05664
antioquia,Antioquia,05665
antioquia,Antioquia,05667
antioquia,Antioquia,05670
antioquia,Antioquia,05674
antioquia,Antioquia,05679
antioquia,Antioquia,05042
antioquia,Antioquia,05686
antioquia,Antioquia,05690
antioquia,Antioquia,05697
antioquia,Antioquia,05736
antioquia,Antioquia,05756
antioquia,Antioquia,05761
antioquia,Antioquia,05790
antioquia,Antioquia,05792
antioquia,Antioquia,05809
antioquia,Antioquia,05819
antioquia,Antioquia,05837
antioquia,Antioquia,05789
antioquia,Antioquia,05842
antioquia,Antioquia,05847
antioquia,Antioquia,05854
antioquia,Antioquia,05856
antioquia,Antioquia,05858
antioquia,Antioquia,05861
antioquia,Antioquia,05873
antioquia,Antioquia,05885
antioquia,Antioquia,05887
antioquia,Antioquia,05890
antioquia,Antioquia,05893
antioquia,Antioquia,05895
arauca,Arauca,81001
arauca,Arauca,81065
arauca,Arauca,81220
arauca,Arauca,81300
arauca,Arauca,81591
arauca,Arauca,81736
arauca,Arauca,81794
atlantico,Atlántico,08001
atlantico,Atlántico,08078
atlantico,Atlántico,08137
atlantico,Atlántico,08141
atlantico,Atlántico,08296
atlantico,Atlántico,08372
atlantico,Atlántico,08421
atlantico,Atlántico,08433
atlantico,Atlántico,08436
atlantico,Atlántico,08520
atlantico,Atlántico,08549
atlantico,Atlántico,08558
atlantico,Atlántico,08560
atlantico,Atlántico,08573
atlantico,Atlántico,08606
atlantico,Atlántico,08634
atlantico,Atlántico,08638
atlantico,Atlántico,08675
atlantico,Atlántico,08685
atlantico,Atlántico,08758
atlantico,Atlántico,08770
atlantico,Atlántico,08832
atlantico,Atlántico,08849
bogota_dc,Bogotá D.C.,11001
bolivar,Bolívar,13006
bolivar,Bolívar,13030
bolivar,Bolívar,13042
bolivar,Bolívar,13052
bolivar,Bolívar,13062
bolivar,Bolívar,13074
bolivar,Bolívar,13140
bolivar,Bolívar,13160
bolivar,Bolívar,13001
bolivar,Bolívar,13188
bolivar,Bolívar,13222
bolivar,Bolívar,13212
bolivar,Bolívar,13244
bolivar,Bolívar,13248
bolivar,Bolívar,13268
bolivar,Bolívar,13300
bolivar,Bolívar,13430
bolivar,Bolívar,13433
bolivar,Bolívar,13440
bolivar,Bolívar,13442
bolivar,Bolívar,13468
bolivar,Bolívar,13458
bolivar,Bolívar,13473
bolivar,Bolívar,13490
bolivar,Bolívar,13549
bolivar,Bolívar,13580
bolivar,Bolívar,13600
bolivar,Bolívar,13620
bolivar,Bolívar,13647
bolivar,Bolívar,13650
bolivar,Bolívar,13654
bolivar,Bolívar,13655
bolivar,Bolívar,13657
bolivar,Bolívar,13667
bolivar,Bolívar,13670
bolivar,Bolívar,13673
bolivar,Bolívar,13683
bolivar,Bolívar,13688
bolivar,Bolívar,13744
bolivar,Bolívar,13760
bolivar,Bolívar,13780
bolivar,Bolívar,13810
bolivar,Bolívar,13836
bolivar,Bolívar,13838
bolivar,Bolívar,13873
bolivar,Bolívar,13894
boyaca,Boyacá,15001
boyaca,Boyacá,15022
boyaca,Boyacá,15047
boyaca,Boyacá,15051
boyaca,Boyacá,15087
boyaca,Boyacá,15090
boyaca,Boyacá,15092
boyaca,Boyacá,15097
boyaca,Boyacá,15104
boyaca,Boyacá,15106
boyaca,Boyacá,15109
boyaca,Boyacá,15114
boyaca,Boyacá,15131
boyaca,Boyacá,15135
boyaca,Boyacá,15162
boyaca,Boyacá,15172
boyaca,Boyacá,15176
boyaca,Boyacá,15180
boyaca,Boyacá,15183
boyaca,Boyacá,15185
boyaca,Boyacá,15187
boyaca,Boyacá,15189
boyaca,Boyacá,15204
boyaca,Boyacá,15212
boyaca,Boyacá,15215
boyaca,Boyacá,15218
boyaca,Boyacá,15223
boyaca,Boyacá,15224
boyaca,Boyacá,15226
boyaca,Boyacá,15232
boyaca,Boyacá,15236
boyaca,Boyacá,15238
boyaca,Boyacá,15244
boyaca,Boyacá,15248
boyaca,Boyacá,15272
boyaca,Boyacá,15276
boyaca,Boyacá,15293
boyaca,Boyacá,15296
boyaca,Boyacá,15299
boyaca,Boyacá,15317
boyaca,Boyacá,15322
boyaca,Boyacá,15325
boyaca,Boyacá,15332
boyaca,Boyacá,15362
boyaca,Boyacá,15367
boyaca,Boyacá,15368
boyaca,Boyacá,15377
boyaca,Boyacá,15380
boyaca,Boyacá,15401
boyaca,Boyacá,15403
boyaca,Boyacá,15407
boyaca,Boyacá,15425
boyaca,Boyacá,15442
boyaca,Boyacá,15455
boyaca,Boyacá,15464
boyaca,Boyacá,15466
boyaca,Boyacá,15469
boyaca,Boyacá,15476
boyaca,Boyacá,15480
boyaca,Boyacá,15491
boyaca,Boyacá,15494
boyaca,Boyacá,15500
boyaca,Boyacá,15507
boyaca,Boyacá,15511
boyaca,Boyacá,15514
boyaca,Boyacá,15516
boyaca,Boyacá,15518
boyaca,Boyacá,15522
boyaca,Boyacá,15531
boyaca,Boyacá,15533
boyaca,Boyacá,15537
boyaca,Boyacá,15542
boyaca,Boyacá,15550
boyaca,Boyacá,15572
boyaca,Boyacá,15580
boyaca,Boyacá,15599
boyaca,Boyacá,15600
boyaca,Boyacá,15621
boyaca,Boyacá,15632
boyaca,Boyacá,15638
boyaca,Boyacá,15646
boyaca,Boyacá,15660
boyaca,Boyacá,15664
boyaca,Boyacá,15667
boyaca,Boyacá,15673
boyaca,Boyacá,15676
boyaca,Boyacá,15681
boyaca,Boyacá,15686
boyaca,Boyacá,15690
boyaca,Boyacá,15693
boyaca,Boyacá,15696
boyaca,Boyacá,15720
boyaca,Boyacá,15723
boyaca,Boyacá,15740
boyaca,Boyacá,15753
boyaca,Boyacá,15755
boyaca,Boyacá,15757
boyaca,Boyacá,15759
boyaca,Boyacá,15761
boyaca,Boyacá,15762
boyaca,Boyacá,15763
boyaca,Boyacá,15764
boyaca,Boyacá,15774
boyaca,Boyacá,15776
boyaca,Boyacá,15778
boyaca,Boyacá,15790
boyaca,Boyacá,15798
boyaca,Boyacá,15804
boyaca,Boyacá,15806
boyaca,Boyacá,15808
boyaca,Boyacá,15810
boyaca,Boyacá,15814
boyaca,Boyacá,15816
boyaca,Boyacá,15820
boyaca,Boyacá,15822
boyaca,Boyacá,15832
boyaca,Boyacá,15835
boyaca,Boyacá,15837
boyaca,Boyacá,15839
boyaca,Boyacá,15842
boyaca,Boyacá,15861
boyaca,Boyacá,15879
boyaca,Boyacá,15897
caldas,Caldas,17013
caldas,Caldas,17042
caldas,Caldas,17050
caldas,Caldas,17088
caldas,Caldas,17174
caldas,Caldas,17272
caldas,Caldas,17380
caldas,Caldas,17388
caldas,Caldas,17867
caldas,Caldas,17001
caldas,Caldas,17433
caldas,Caldas,17442
caldas,Caldas,17444
caldas,Caldas,17446
caldas,Caldas,17486
caldas,Caldas,17495
caldas,Caldas,17524
caldas,Caldas,17541
caldas,Caldas,17513
caldas,Caldas,17616
caldas,Caldas,17614
caldas,Caldas,17653
caldas,Caldas,17662
caldas,Caldas,17665
caldas,Caldas,17777
caldas,Caldas,17873
caldas,Caldas,17877
caqueta,Caquetá,18001
caqueta,Caquetá,18029
caqueta,Caquetá,18094
caqueta,Caquetá,18150
caqueta,Caquetá,18205
caqueta,Caquetá,18247
caqueta,Caquetá,18256
caqueta,Caquetá,18410
caqueta,Caquetá,18460
caqueta,Caquetá,18479
caqueta,Caquetá,18592
caqueta,Caquetá,18610
caqueta,Caquetá,18753
caqueta,Caquetá,18756
caqueta,Caquetá,18785
caqueta,Caquetá,18860
casanare,Casanare,85010
casanare,Casanare,85015
casanare,Casanare,85125
casanare,Casanare,85136
casanare,Casanare,85139
casanare,Casanare,85162
casanare,Casanare,85225
casanare,Casanare,85230
casanare,Casanare,85250
casanare,Casanare,85263
casanare,Casanare,85279
casanare,Casanare,85300
casanare,Casanare,85325
casanare,Casanare,85315
casanare,Casanare,85410
casanare,Casanare,85430
casanare,Casanare,85400
casanare,Casanare,85440
casanare,Casanare,85001
cauca,Cauca,19022
cauca,Cauca,19050
cauca,Cauca,19075
cauca,Cauca,19100
cauca,Cauca,19110
cauca,Cauca,19130
cauca,Cauca,19137
cauca,Cauca,19142
cauca,Cauca,19212
cauca,Cauca,19256
cauca,Cauca,19290
cauca,Cauca,19300
cauca,Cauca,19318
cauca,Cauca,19355
cauca,Cauca,19364
cauca,Cauca,19392
cauca,Cauca,19397
cauca,Cauca,19418
cauca,Cauca,19450
cauca,Cauca,19455
cauca,Cauca,19473
cauca,Cauca,19513
cauca,Cauca,19532
cauca,Cauca,19533
cauca,Cauca,19548
cauca,Cauca,19001
cauca,Cauca,19573
cauca,Cauca,19585
cauca,Cauca,19517
cauca,Cauca,19622
cauca,Cauca,19693
cauca,Cauca,19701
cauca,Cauca,19698
cauca,Cauca,19743
cauca,Cauca,19760
cauca,Cauca,19785
cauca,Cauca,19780
cauca,Cauca,19809
cauca,Cauca,19807
cauca,Cauca,19821
cauca,Cauca,19824
cauca,Cauca,19845
cesar,Cesar,20011
cesar,Cesar,20013
cesar,Cesar,20032
cesar,Cesar,20045
cesar,Cesar,20060
cesar,Cesar,20175
cesar,Cesar,20178
cesar,Cesar,20228
cesar,Cesar,20238
cesar,Cesar,20250
cesar,Cesar,20295
cesar,Cesar,20310
cesar,Cesar,20383
cesar,Cesar,20400
cesar,Cesar,20621
cesar,Cesar,20443
cesar,Cesar,20517
cesar,Cesar,20550
cesar,Cesar,20570
cesar,Cesar,20614
cesar,Cesar,20710
cesar,Cesar,20750
cesar,Cesar,20770
cesar,Cesar,20787
cesar,Cesar,20001
choco,Chocó,27001
choco,Chocó,27006
choco,Chocó,27025
choco,Chocó,27050
choco,Chocó,27073
choco,Chocó,27075
choco,Chocó,27077
choco,Chocó,27099
choco,Chocó,27135
choco,Chocó,27150
choco,Chocó,27160
choco,Chocó,27205
choco,Chocó,27245
choco,Chocó,27250
choco,Chocó,27361
choco,Chocó,27372
choco,Chocó,27413
choco,Chocó,27425
choco,Chocó,27430
choco,Chocó,27450
choco,Chocó,27491
choco,Chocó,27495
choco,Chocó,27580
choco,Chocó,27600
choco,Chocó,27615
choco,Chocó,27660
choco,Chocó,27745
choco,Chocó,27787
choco,Chocó,27800
choco,Chocó,27810
cordoba,Córdoba,23068
cordoba,Córdoba,23079
cordoba,Córdoba,23090
cordoba,Córdoba,23162
cordoba,Córdoba,23168
cordoba,Córdoba,23182
cordoba,Córdoba,23189
cordoba,Córdoba,23300
cordoba,Córdoba,23350
cordoba,Córdoba,23417
cordoba,Córdoba,23419
cordoba,Córdoba,23464
cordoba,Córdoba,23466
cordoba,Córdoba,23001
cordoba,Córdoba,23500
cordoba,Córdoba,23555
cordoba,Córdoba,23570
cordoba,Córdoba,23574
cordoba,Córdoba,23580
cordoba,Córdoba,23586
cordoba,Córdoba,23660
cordoba,Córdoba,23670
cordoba,Córdoba,23672
cordoba,Córdoba,23675
cordoba,Córdoba,23678
cordoba,Córdoba,23682
cordoba,Córdoba,23686
cordoba,Córdoba,23807
cordoba,Córdoba,23815
cordoba,Córdoba,23855
cundinamarca,Cundinamarca,25001
cundinamarca,Cundinamarca,25019
cundinamarca,Cundinamarca,25035
cundinamarca,Cundinamarca,25040
cundinamarca,Cundinamarca,25053
cundinamarca,Cundinamarca,25086
cundinamarca,Cundinamarca,25095
cundinamarca,Cundinamarca,25099
cundinamarca,Cundinamarca,25120
cundinamarca,Cundinamarca,25123
cundinamarca,Cundinamarca,25126
cundinamarca,Cundinamarca,25148
cundinamarca,Cundinamarca,25151
cundinamarca,Cundinamarca,25154
cundinamarca,Cundinamarca,25168
cundinamarca,Cundinamarca,25175
cundinamarca,Cundinamarca,25178
cundinamarca,Cundinamarca,25181
cundinamarca,Cundinamarca,25183
cundinamarca,Cundinamarca,25200
cundinamarca,Cundinamarca,25214
cundinamarca,Cundinamarca,25224
cundinamarca,Cundinamarca,25245
cundinamarca,Cundinamarca,25258
cundinamarca,Cundinamarca,25260
cundinamarca,Cundinamarca,25269
cundinamarca,Cundinamarca,25279
cundinamarca,Cundinamarca,25281
cundinamarca,Cundinamarca,25286
cundinamarca,Cundinamarca,25288
cundinamarca,Cundinamarca,25290
cundinamarca,Cundinamarca,25293
cundinamarca,Cundinamarca,25295
cundinamarca,Cundinamarca,25297
cundinamarca,Cundinamarca,25299
cundinamarca,Cundinamarca,25307
cundinamarca,Cundinamarca,25312
cundinamarca,Cundinamarca,25317
cundinamarca,Cundinamarca,25320
cundinamarca,Cundinamarca,25322
cundinamarca,Cundinamarca,25324
cundinamarca,Cundinamarca,25326
cundinamarca,Cundinamarca,25328
cundinamarca,Cundinamarca,25335
cundinamarca,Cundinamarca,25339
cundinamarca,Cundinamarca,25368
cundinamarca,Cundinamarca,25372
cundinamarca,Cundinamarca,25377
cundinamarca,Cundinamarca,25386
cundinamarca,Cundinamarca,25394
cundinamarca,Cundinamarca,25398
cundinamarca,Cundinamarca,25402
cundinamarca,Cundinamarca,25407
cundinamarca,Cundinamarca,25426
cundinamarca,Cundinamarca,25430
cundinamarca,Cundinamarca,25436
cundinamarca,Cundinamarca,25438
cundinamarca,Cundinamarca,25473
cundinamarca,Cundinamarca,25483
cundinamarca,Cundinamarca,25486
cundinamarca,Cundinamarca,25488
cundinamarca,Cundinamarca,25489
cundinamarca,Cundinamarca,25491
cundinamarca,Cundinamarca,25506
cundinamarca,Cundinamarca,25513
cundinamarca,Cundinamarca,25518
cundinamarca,Cundinamarca,25524
cundinamarca,Cundinamarca,25530
cundinamarca,Cundinamarca,25535
cundinamarca,Cundinamarca,25572
cundinamarca,Cundinamarca,25580
cundinamarca,Cundinamarca,25592
cundinamarca,Cundinamarca,25594
cundinamarca,Cundinamarca,25596
cundinamarca,Cundinamarca,25599
cundinamarca,Cundinamarca,25612
cundinamarca,Cundinamarca,25645
cundinamarca,Cundinamarca,25649
cundinamarca,Cundinamarca,25653
cundinamarca,Cundinamarca,25658
cundinamarca,Cundinamarca,25662
cundinamarca,Cundinamarca,25718
cundinamarca,Cundinamarca,25736
cundinamarca,Cundinamarca,25740
cundinamarca,Cundinamarca,25743
cundinamarca,Cundinamarca,25745
cundinamarca,Cundinamarca,25754
cundinamarca,Cundinamarca,25758
cundinamarca,Cundinamarca,25769
cundinamarca,Cundinamarca,25772
cundinamarca,Cundinamarca,25777
cundinamarca,Cundinamarca,25779
cundinamarca,Cundinamarca,25781
cundinamarca,Cundinamarca,25785
cundinamarca,Cundinamarca,25793
cundinamarca,Cundinamarca,25797
cundinamarca,Cundinamarca,25799
cundinamarca,Cundinamarca,25805
cundinamarca,Cundinamarca,25807
cundinamarca,Cundinamarca,25815
cundinamarca,Cundinamarca,25817
cundinamarca,Cundinamarca,25823
cundinamarca,Cundinamarca,25839
cundinamarca,Cundinamarca,25841
cundinamarca,Cundinamarca,25843
cundinamarca,Cundinamarca,25845
cundinamarca,Cundinamarca,25851
cundinamarca,Cundinamarca,25862
cundinamarca,Cundinamarca,25867
cundinamarca,Cundinamarca,25871
cundinamarca,Cundinamarca,25873
cundinamarca,Cundinamarca,25875
cundinamarca,Cundinamarca,25878
cundinamarca,Cundinamarca,25885
cundinamarca,Cundinamarca,25898
cundinamarca,Cundinamarca,25899
guainia,Guainía,94001
guaviare,Guaviare,95015
guaviare,Guaviare,95025
guaviare,Guaviare,95200
guaviare,Guaviare,95001
huila,Huila,41006
huila,Huila,41013
huila,Huila,41016
huila,Huila,41020
huila,Huila,41026
huila,Huila,41078
huila,Huila,41132
huila,Huila,41206
huila,Huila,41244
huila,Huila,41298
huila,Huila,41306
huila,Huila,41319
huila,Huila,41349
huila,Huila,41359
huila,Huila,41378
huila,Huila,41396
huila,Huila,41001
huila,Huila,41483
huila,Huila,41503
huila,Huila,41518
huila,Huila,41524
huila,Huila,41530
huila,Huila,41548
huila,Huila,41551
huila,Huila,41615
huila,Huila,41660
huila,Huila,41668
huila,Huila,41676
huila,Huila,41770
huila,Huila,41791
huila,Huila,41799
huila,Huila,41801
huila,Huila,41797
huila,Huila,41807
huila,Huila,41872
huila,Huila,41885
huila,Huila,41357
la_guajira,La Guajira,44035
la_guajira,La Guajira,44078
la_guajira,La Guajira,44090
la_guajira,La Guajira,44098
la_guajira,La Guajira,44110
la_guajira,La Guajira,44279
la_guajira,La Guajira,44378
la_guajira,La Guajira,44420
la_guajira,La Guajira,44430
la_guajira,La Guajira,44560
la_guajira,La Guajira,44001
la_guajira,La Guajira,44650
la_guajira,La Guajira,44847
la_guajira,La Guajira,44855
la_guajira,La Guajira,44874
magdalena,Magdalena,47001
magdalena,Magdalena,47030
magdalena,Magdalena,47053
magdalena,Magdalena,47058
magdalena,Magdalena,47161
magdalena,Magdalena,47170
magdalena,Magdalena,47189
magdalena,Magdalena,47205
magdalena,Magdalena,47245
magdalena,Magdalena,47258
magdalena,Magdalena,47268
magdalena,Magdalena,47288
magdalena,Magdalena,47318
magdalena,Magdalena,47460
magdalena,Magdalena,47541
magdalena,Magdalena,47545
magdalena,Magdalena,47551
magdalena,Magdalena,47555
magdalena,Magdalena,47570
magdalena,Magdalena,47605
magdalena,Magdalena,47660
magdalena,Magdalena,47675
magdalena,Magdalena,47692
magdalena,Magdalena,47703
magdalena,Magdalena,47707
magdalena,Magdalena,47720
magdalena,Magdalena,47745
magdalena,Magdalena,47798
magdalena,Magdalena,47960
magdalena,Magdalena,47980
meta,Meta,50006
meta,Meta,50110
meta,Meta,50124
meta,Meta,50150
meta,Meta,50223
meta,Meta,50226
meta,Meta,50245
meta,Meta,50251
meta,Meta,50270
meta,Meta,50287
meta,Meta,50313
meta,Meta,50318
meta,Meta,50350
meta,Meta,50400
meta,Meta,50325
meta,Meta,50330
meta,Meta,50450
meta,Meta,50568
meta,Meta,50577
meta,Meta,50573
meta,Meta,50590
meta,Meta,50606
meta,Meta,50680
meta,Meta,50683
meta,Meta,50686
meta,Meta,50689
meta,Meta,50370
meta,Meta,50001
meta,Meta,50711
narino,Nariño,52001
narino,Nariño,52019
narino,Nariño,52022
narino,Nariño,52036
narino,Nariño,52051
narino,Nariño,52079
narino,Nariño,52083
narino,Nariño,52110
narino,Nariño,52203
narino,Nariño,52207
narino,Nariño,52210
narino,Nariño,52215
narino,Nariño,52224
narino,Nariño,52227
narino,Nariño,52233
narino,Nariño,52240
narino,Nariño,52250
narino,Nariño,52254
narino,Nariño,52256
narino,Nariño,52258
narino,Nariño,52260
narino,Nariño,52287
narino,Nariño,52317
narino,Nariño,52320
narino,Nariño,52323
narino,Nariño,52352
narino,Nariño,52354
narino,Nariño,52356
narino,Nariño,52378
narino,Nariño,52381
narino,Nariño,52385
narino,Nariño,52390
narino,Nariño,52399
narino,Nariño,52405
narino,Nariño,52411
narino,Nariño,52418
narino,Nariño,52427
narino,Nariño,52435
narino,Nariño,52473
narino,Nariño,52480
narino,Nariño,52490
narino,Nariño,52506
narino,Nariño,52520
narino,Nariño,52540
narino,Nariño,52560
narino,Nariño,52565
narino,Nariño,52573
narino,Nariño,52585
narino,Nariño,52612
narino,Nariño,52621
narino,Nariño,52678
narino,Nariño,52683
narino,Nariño,52685
narino,Nariño,52687
narino,Nariño,52693
narino,Nariño,52694
narino,Nariño,52696
narino,Nariño,52699
narino,Nariño,52720
narino,Nariño,52786
narino,Nariño,52788
narino,Nariño,52835
narino,Nariño,52838
narino,Nariño,52885
norte_de_santander,Norte de Santander,54051
norte_de_santander,Norte de Santander,54099
norte_de_santander,Norte de Santander,54109
norte_de_santander,Norte de Santander,54172
norte_de_santander,Norte de Santander,54174
norte_de_santander,Norte de Santander,54206
norte_de_santander,Norte de Santander,54223
norte_de_santander,Norte de Santander,54128
norte_de_santander,Norte de Santander,54125
norte_de_santander,Norte de Santander,54001
norte_de_santander,Norte de Santander,54239
norte_de_santander,Norte de Santander,54245
norte_de_santander,Norte de Santander,54250
norte_de_santander,Norte de Santander,54261
norte_de_santander,Norte de Santander,54313
norte_de_santander,Norte de Santander,54344
norte_de_santander,Norte de Santander,54347
norte_de_santander,Norte de Santander,54385
norte_de_santander,Norte de Santander,54398
norte_de_santander,Norte de Santander,54377
norte_de_santander,Norte de Santander,54405
norte_de_santander,Norte de Santander,54418
norte_de_santander,Norte de Santander,54480
norte_de_santander,Norte de Santander,54498
norte_de_santander,Norte de Santander,54518
norte_de_santander,Norte de Santander,54520
norte_de_santander,Norte de Santander,54553
norte_de_santander,Norte de Santander,54599
norte_de_santander,Norte de Santander,54660
norte_de_santander,Norte de Santander,54670
norte_de_santander,Norte de Santander,54673
norte_de_santander,Norte de Santander,54680
norte_de_santander,Norte de Santander,54720
norte_de_santander,Norte de Santander,54743
norte_de_santander,Norte de Santander,54800
norte_de_santander,Norte de Santander,54810
norte_de_santander,Norte de Santander,54820
norte_de_santander,Norte de Santander,54871
norte_de_santander,Norte de Santander,54874
norte_de_santander,Norte de Santander,54003
putumayo,Putumayo,86219
putumayo,Putumayo,86001
putumayo,Putumayo,86320
putumayo,Putumayo,86568
putumayo,Putumayo,86569
putumayo,Putumayo,86571
putumayo,Putumayo,86573
putumayo,Putumayo,86755
putumayo,Putumayo,86757
putumayo,Putumayo,86760
putumayo,Putumayo,86749
putumayo,Putumayo,86865
putumayo,Putumayo,86885
quindio,Quindío,63001
quindio,Quindío,63111
quindio,Quindío,63130
quindio,Quindío,63190
quindio,Quindío,63212
quindio,Quindío,63272
quindio,Quindío,63302
quindio,Quindío,63401
quindio,Quindío,63470
quindio,Quindío,63548
quindio,Quindío,63594
quindio,Quindío,63690
risaralda,Risaralda,66045
risaralda,Risaralda,66075
risaralda,Risaralda,66088
risaralda,Risaralda,66170
risaralda,Risaralda,66318
risaralda,Risaralda,66383
risaralda,Risaralda,66400
risaralda,Risaralda,66440
risaralda,Risaralda,66456
risaralda,Risaralda,66001
risaralda,Risaralda,66572
risaralda,Risaralda,66594
risaralda,Risaralda,66682
risaralda,Risaralda,66687
san_andres,San Andrés,88564
santander,Santander,68001
santander,Santander,68013
santander,Santander,68020
santander,Santander,68051
santander,Santander,68077
santander,Santander,68079
santander,Santander,68081
santander,Santander,68092
santander,Santander,68101
santander,Santander,68121
santander,Santander,68132
santander,Santander,68147
santander,Santander,68152
santander,Santander,68160
santander,Santander,68162
santander,Santander,68167
santander,Santander,68169
santander,Santander,68176
santander,Santander,68179
santander,Santander,68190
santander,Santander,68207
santander,Santander,68209
santander,Santander,68211
santander,Santander,68217
santander,Santander,68229
santander,Santander,68235
santander,Santander,68245
santander,Santander,68250
santander,Santander,68255
santander,Santander,68264
santander,Santander,68266
santander,Santander,68271
santander,Santander,68276
santander,Santander,68296
santander,Santander,68298
santander,Santander,68307
santander,Santander,68318
santander,Santander,68320
santander,Santander,68322
santander,Santander,68324
santander,Santander,68327
santander,Santander,68344
santander,Santander,68368
santander,Santander,68370
santander,Santander,68377
santander,Santander,68385
santander,Santander,68397
santander,Santander,68406
santander,Santander,68418
santander,Santander,68425
santander,Santander,68432
santander,Santander,68444
santander,Santander,68464
santander,Santander,68468
santander,Santander,68498
santander,Santander,68500
santander,Santander,68502
santander,Santander,68522
santander,Santander,68524
santander,Santander,68533
santander,Santander,68547
santander,Santander,68549
santander,Santander,68572
santander,Santander,68573
santander,Santander,68575
santander,Santander,68615
santander,Santander,68655
santander,Santander,68669
santander,Santander,68673
santander,Santander,68679
santander,Santander,68682
santander,Santander,68684
santander,Santander,68686
santander,Santander,68689
santander,Santander,68705
santander,Santander,68720
santander,Santander,68745
santander,Santander,68755
santander,Santander,68770
santander,Santander,68773
santander,Santander,68780
santander,Santander,68820
santander,Santander,68855
santander,Santander,68861
santander,Santander,68867
santander,Santander,68872
santander,Santander,68895
sucre,Sucre,70110
sucre,Sucre,70124
sucre,Sucre,70230
sucre,Sucre,70204
sucre,Sucre,70215
sucre,Sucre,70221
sucre,Sucre,70233
sucre,Sucre,70235
sucre,Sucre,70265
sucre,Sucre,70400
sucre,Sucre,70418
sucre,Sucre,70429
sucre,Sucre,70473
sucre,Sucre,70508
sucre,Sucre,70523
sucre,Sucre,70670
sucre,Sucre,70678
sucre,Sucre,70702
sucre,Sucre,70708
sucre,Sucre,70713
sucre,Sucre,70717
sucre,Sucre,70001
sucre,Sucre,70742
sucre,Sucre,70771
sucre,Sucre,70820
sucre,Sucre,70823
tolima,Tolima,73024
tolima,Tolima,73026
tolima,Tolima,73030
tolima,Tolima,73043
tolima,Tolima,73055
tolima,Tolima,73067
tolima,Tolima,73124
tolima,Tolima,73148
tolima,Tolima,73152
tolima,Tolima,73168
tolima,Tolima,73200
tolima,Tolima,73217
tolima,Tolima,73226
tolima,Tolima,73236
tolima,Tolima,73268
tolima,Tolima,73270
tolima,Tolima,73275
tolima,Tolima,73283
tolima,Tolima,73319
tolima,Tolima,73347
tolima,Tolima,73349
tolima,Tolima,73001
tolima,Tolima,73352
tolima,Tolima,73408
tolima,Tolima,73411
tolima,Tolima,73443
tolima,Tolima,73449
tolima,Tolima,73461
tolima,Tolima,73483
tolima,Tolima,73504
tolima,Tolima,73520
tolima,Tolima,73547
tolima,Tolima,73555
tolima,Tolima,73563
tolima,Tolima,73585
tolima,Tolima,73616
tolima,Tolima,73622
tolima,Tolima,73624
tolima,Tolima,73671
tolima,Tolima,73675
tolima,Tolima,73678
tolima,Tolima,73686
tolima,Tolima,73770
tolima,Tolima,73854
tolima,Tolima,73861
tolima,Tolima,73870
tolima,Tolima,73873
valle_del_cauca,Valle del Cauca,76001
valle_del_cauca,Valle del Cauca,76020
valle_del_cauca,Valle del Cauca,76036
valle_del_cauca,Valle del Cauca,76041
valle_del_cauca,Valle del Cauca,76054
valle_del_cauca,Valle del Cauca,76100
valle_del_cauca,Valle del Cauca,76109
valle_del_cauca,Valle del Cauca,76111
valle_del_cauca,Valle del Cauca,76113
valle_del_cauca,Valle del Cauca,76122
valle_del_cauca,Valle del Cauca,76126
valle_del_cauca,Valle del Cauca,76130
valle_del_cauca,Valle del Cauca,76147
valle_del_cauca,Valle del Cauca,76233
valle_del_cauca,Valle del Cauca,76243
valle_del_cauca,Valle del Cauca,76246
valle_del_cauca,Valle del Cauca,76248
valle_del_cauca,Valle del Cauca,76250
valle_del_cauca,Valle del Cauca,76275
valle_del_cauca,Valle del Cauca,76306
valle_del_cauca,Valle del Cauca,76318
valle_del_cauca,Valle del Cauca,76364
valle_del_cauca,Valle del Cauca,76377
valle_del_cauca,Valle del Cauca,76400
valle_del_cauca,Valle del Cauca,76403
valle_del_cauca,Valle del Cauca,76497
valle_del_cauca,Valle del Cauca,76520
valle_del_cauca,Valle del Cauca,76563
valle_del_cauca,Valle del Cauca,76606
valle_del_cauca,Valle del Cauca,76616
valle_del_cauca,Valle del Cauca,76622
valle_del_cauca,Valle del Cauca,76670
valle_del_cauca,Valle del Cauca,76736
valle_del_cauca,Valle del Cauca,76823
valle_del_cauca,Valle del Cauca,76828
valle_del_cauca,Valle del Cauca,76834
valle_del_cauca,Valle del Cauca,76845
valle_del_cauca,Valle del Cauca,76863
valle_del_cauca,Valle del Cauca,76869
valle_del_cauca,Valle del Cauca,76890
valle_del_cauca,Valle del Cauca,76892
valle_del_cauca,Valle del Cauca,76895
vaupes,Vaupés,97161
vaupes,Vaupés,97001
vaupes,Vaupés,97666
vichada,Vichada,99773
vichada,Vichada,99524
vichada,Vichada,99001
vichada,Vichada,99624
alta_guajira,Alta Guajira,44035
alta_guajira,Alta Guajira,44430
alta_guajira,Alta Guajira,44560
alta_guajira,Alta Guajira,44847
altillanura,Altillanura,50325
altillanura,Altillanura,50568
altillanura,Altillanura,50573
altillanura,Altillanura,99773
altillanura,Altillanura,99524
altillanura,Altillanura,99001
altillanura,Altillanura,99624
altiplano_cundiboyacense,Altiplano Cundiboyacense,15022
altiplano_cundiboyacense,Altiplano Cundiboyacense,15051
altiplano_cundiboyacense,Altiplano Cundiboyacense,15087
altiplano_cundiboyacense,Altiplano Cundiboyacense,15090
altiplano_cundiboyacense,Altiplano Cundiboyacense,15092
altiplano_cundiboyacense,Altiplano Cundiboyacense,15097
altiplano_cundiboyacense,Altiplano Cundiboyacense,15104
altiplano_cundiboyacense,Altiplano Cundiboyacense,15106
altiplano_cundiboyacense,Altiplano Cundiboyacense,15109
altiplano_cundiboyacense,Altiplano Cundiboyacense,15114
altiplano_cundiboyacense,Altiplano Cundiboyacense,15131
altiplano_cundiboyacense,Altiplano Cundiboyacense,15162
altiplano_cundiboyacense,Altiplano Cundiboyacense,15172
altiplano_cundiboyacense,Altiplano Cundiboyacense,15176
altiplano_cundiboyacense,Altiplano Cundiboyacense,15232
altiplano_cundiboyacense,Altiplano Cundiboyacense,15180
altiplano_cundiboyacense,Altiplano Cundiboyacense,15183
altiplano_cundiboyacense,Altiplano Cundiboyacense,15185
altiplano_cundiboyacense,Altiplano Cundiboyacense,15187
altiplano_cundiboyacense,Altiplano Cundiboyacense,15236
altiplano_cundiboyacense,Altiplano Cundiboyacense,15189
altiplano_cundiboyacense,Altiplano Cundiboyacense,15204
altiplano_cundiboyacense,Altiplano Cundiboyacense,15212
altiplano_cundiboyacense,Altiplano Cundiboyacense,15215
altiplano_cundiboyacense,Altiplano Cundiboyacense,15218
altiplano_cundiboyacense,Altiplano Cundiboyacense,15223
altiplano_cundiboyacense,Altiplano Cundiboyacense,15224
altiplano_cundiboyacense,Altiplano Cundiboyacense,15226
altiplano_cundiboyacense,Altiplano Cundiboyacense,15238
altiplano_cundiboyacense,Altiplano Cundiboyacense,15244
altiplano_cundiboyacense,Altiplano Cundiboyacense,15248
altiplano_cundiboyacense,Altiplano Cundiboyacense,15272
altiplano_cundiboyacense,Altiplano Cundiboyacense,15276
altiplano_cundiboyacense,Altiplano Cundiboyacense,15293
altiplano_cundiboyacense,Altiplano Cundiboyacense,15296
altiplano_cundiboyacense,Altiplano Cundiboyacense,15299
altiplano_cundiboyacense,Altiplano Cundiboyacense,15317
altiplano_cundiboyacense,Altiplano Cundiboyacense,15322
altiplano_cundiboyacense,Altiplano Cundiboyacense,15325
altiplano_cundiboyacense,Altiplano Cundiboyacense,15332
altiplano_cundiboyacense,Altiplano Cundiboyacense,15362
altiplano_cundiboyacense,Altiplano Cundiboyacense,15367
altiplano_cundiboyacense,Altiplano Cundiboyacense,15368
altiplano_cundiboyacense,Altiplano Cundiboyacense,15380
altiplano_cundiboyacense,Altiplano Cundiboyacense,15403
altiplano_cundiboyacense,Altiplano Cundiboyacense,15401
altiplano_cundiboyacense,Altiplano Cundiboyacense,15425
altiplano_cundiboyacense,Altiplano Cundiboyacense,15442
altiplano_cundiboyacense,Altiplano Cundiboyacense,15455
altiplano_cundiboyacense,Altiplano Cundiboyacense,15464
altiplano_cundiboyacense,Altiplano Cundiboyacense,15466
altiplano_cundiboyacense,Altiplano Cundiboyacense,15469
altiplano_cundiboyacense,Altiplano Cundiboyacense,15476
altiplano_cundiboyacense,Altiplano Cundiboyacense,15480
altiplano_cundiboyacense,Altiplano Cundiboyacense,15491
altiplano_cundiboyacense,Altiplano Cundiboyacense,15494
altiplano_cundiboyacense,Altiplano Cundiboyacense,15500
altiplano_cundiboyacense,Altiplano Cundiboyacense,15507
altiplano_cundiboyacense,Altiplano Cundiboyacense,15511
altiplano_cundiboyacense,Altiplano Cundiboyacense,15516
altiplano_cundiboyacense,Altiplano Cundiboyacense,15522
altiplano_cundiboyacense,Altiplano Cundiboyacense,15531
altiplano_cundiboyacense,Altiplano Cundiboyacense,15533
altiplano_cundiboyacense,Altiplano Cundiboyacense,15537
altiplano_cundiboyacense,Altiplano Cundiboyacense,15542
altiplano_cundiboyacense,Altiplano Cundiboyacense,15550
altiplano_cundiboyacense,Altiplano Cundiboyacense,15580
altiplano_cundiboyacense,Altiplano Cundiboyacense,15599
altiplano_cundiboyacense,Altiplano Cundiboyacense,15600
altiplano_cundiboyacense,Altiplano Cundiboyacense,15621
altiplano_cundiboyacense,Altiplano Cundiboyacense,15632
altiplano_cundiboyacense,Altiplano Cundiboyacense,15638
altiplano_cundiboyacense,Altiplano Cundiboyacense,15646
altiplano_cundiboyacense,Altiplano Cundiboyacense,15660
altiplano_cundiboyacense,Altiplano Cundiboyacense,15664
altiplano_cundiboyacense,Altiplano Cundiboyacense,15673
altiplano_cundiboyacense,Altiplano Cundiboyacense,15676
altiplano_cundiboyacense,Altiplano Cundiboyacense,15681
altiplano_cundiboyacense,Altiplano Cundiboyacense,15690
altiplano_cundiboyacense,Altiplano Cundiboyacense,15693
altiplano_cundiboyacense,Altiplano Cundiboyacense,15696
altiplano_cundiboyacense,Altiplano Cundiboyacense,15686
altiplano_cundiboyacense,Altiplano Cundiboyacense,15720
altiplano_cundiboyacense,Altiplano Cundiboyacense,15723
altiplano_cundiboyacense,Altiplano Cundiboyacense,15740
altiplano_cundiboyacense,Altiplano Cundiboyacense,15753
altiplano_cundiboyacense,Altiplano Cundiboyacense,15757
altiplano_cundiboyacense,Altiplano Cundiboyacense,15755
altiplano_cundiboyacense,Altiplano Cundiboyacense,15759
altiplano_cundiboyacense,Altiplano Cundiboyacense,15761
altiplano_cundiboyacense,Altiplano Cundiboyacense,15762
altiplano_cundiboyacense,Altiplano Cundiboyacense,15764
altiplano_cundiboyacense,Altiplano Cundiboyacense,15763
altiplano_cundiboyacense,Altiplano Cundiboyacense,15774
altiplano_cundiboyacense,Altiplano Cundiboyacense,15776
altiplano_cundiboyacense,Altiplano Cundiboyacense,15778
altiplano_cundiboyacense,Altiplano Cundiboyacense,15790
altiplano_cundiboyacense,Altiplano Cundiboyacense,15798
altiplano_cundiboyacense,Altiplano Cundiboyacense,15804
altiplano_cundiboyacense,Altiplano Cundiboyacense,15806
altiplano_cundiboyacense,Altiplano Cundiboyacense,15808
altiplano_cundiboyacense,Altiplano Cundiboyacense,15810
altiplano_cundiboyacense,Altiplano Cundiboyacense,15814
altiplano_cundiboyacense,Altiplano Cundiboyacense,15816
altiplano_cundiboyacense,Altiplano Cundiboyacense,15820
altiplano_cundiboyacense,Altiplano Cundiboyacense,15822
altiplano_cundiboyacense,Altiplano Cundiboyacense,15001
altiplano_cundiboyacense,Altiplano Cundiboyacense,15832
altiplano_cundiboyacense,Altiplano Cundiboyacense,15835
altiplano_cundiboyacense,Altiplano Cundiboyacense,15837
altiplano_cundiboyacense,Altiplano Cundiboyacense,15839
altiplano_cundiboyacense,Altiplano Cundiboyacense,15842
altiplano_cundiboyacense,Altiplano Cundiboyacense,15861
altiplano_cundiboyacense,Altiplano Cundiboyacense,15407
altiplano_cundiboyacense,Altiplano Cundiboyacense,15879
altiplano_cundiboyacense,Altiplano Cundiboyacense,15897
altiplano_cundiboyacense,Altiplano Cundiboyacense,25019
altiplano_cundiboyacense,Altiplano Cundiboyacense,25040
altiplano_cundiboyacense,Altiplano Cundiboyacense,25086
altiplano_cundiboyacense,Altiplano Cundiboyacense,25095
altiplano_cundiboyacense,Altiplano Cundiboyacense,25099
altiplano_cundiboyacense,Altiplano Cundiboyacense,25123
altiplano_cundiboyacense,Altiplano Cundiboyacense,25126
altiplano_cundiboyacense,Altiplano Cundiboyacense,25151
altiplano_cundiboyacense,Altiplano Cundiboyacense,25154
altiplano_cundiboyacense,Altiplano Cundiboyacense,25168
altiplano_cundiboyacense,Altiplano Cundiboyacense,25175
altiplano_cundiboyacense,Altiplano Cundiboyacense,25178
altiplano_cundiboyacense,Altiplano Cundiboyacense,25181
altiplano_cundiboyacense,Altiplano Cundiboyacense,25183
altiplano_cundiboyacense,Altiplano Cundiboyacense,25200
altiplano_cundiboyacense,Altiplano Cundiboyacense,25214
altiplano_cundiboyacense,Altiplano Cundiboyacense,25224
altiplano_cundiboyacense,Altiplano Cundiboyacense,25260
altiplano_cundiboyacense,Altiplano Cundiboyacense,25269
altiplano_cundiboyacense,Altiplano Cundiboyacense,25279
altiplano_cundiboyacense,Altiplano Cundiboyacense,25281
altiplano_cundiboyacense,Altiplano Cundiboyacense,25286
altiplano_cundiboyacense,Altiplano Cundiboyacense,25288
altiplano_cundiboyacense,Altiplano Cundiboyacense,25293
altiplano_cundiboyacense,Altiplano Cundiboyacense,25295
altiplano_cundiboyacense,Altiplano Cundiboyacense,25297
altiplano_cundiboyacense,Altiplano Cundiboyacense,25299
altiplano_cundiboyacense,Altiplano Cundiboyacense,25317
altiplano_cundiboyacense,Altiplano Cundiboyacense,25322
altiplano_cundiboyacense,Altiplano Cundiboyacense,25326
altiplano_cundiboyacense,Altiplano Cundiboyacense,25328
altiplano_cundiboyacense,Altiplano Cundiboyacense,25335
altiplano_cundiboyacense,Altiplano Cundiboyacense,25339
altiplano_cundiboyacense,Altiplano Cundiboyacense,25372
altiplano_cundiboyacense,Altiplano Cundiboyacense,25377
altiplano_cundiboyacense,Altiplano Cundiboyacense,25407
altiplano_cundiboyacense,Altiplano Cundiboyacense,25426
altiplano_cundiboyacense,Altiplano Cundiboyacense,25430
altiplano_cundiboyacense,Altiplano Cundiboyacense,25436
altiplano_cundiboyacense,Altiplano Cundiboyacense,25473
altiplano_cundiboyacense,Altiplano Cundiboyacense,25486
altiplano_cundiboyacense,Altiplano Cundiboyacense,25580
altiplano_cundiboyacense,Altiplano Cundiboyacense,25594
altiplano_cundiboyacense,Altiplano Cundiboyacense,25596
altiplano_cundiboyacense,Altiplano Cundiboyacense,25645
altiplano_cundiboyacense,Altiplano Cundiboyacense,25662
altiplano_cundiboyacense,Altiplano Cundiboyacense,25718
altiplano_cundiboyacense,Altiplano Cundiboyacense,25736
altiplano_cundiboyacense,Altiplano Cundiboyacense,25745
altiplano_cundiboyacense,Altiplano Cundiboyacense,25758
altiplano_cundiboyacense,Altiplano Cundiboyacense,25769
altiplano_cundiboyacense,Altiplano Cundiboyacense,25772
altiplano_cundiboyacense,Altiplano Cundiboyacense,25777
altiplano_cundiboyacense,Altiplano Cundiboyacense,25779
altiplano_cundiboyacense,Altiplano Cundiboyacense,25781
altiplano_cundiboyacense,Altiplano Cundiboyacense,25785
altiplano_cundiboyacense,Altiplano Cundiboyacense,25793
altiplano_cundiboyacense,Altiplano Cundiboyacense,25797
altiplano_cundiboyacense,Altiplano Cundiboyacense,25799
altiplano_cundiboyacense,Altiplano Cundiboyacense,25807
altiplano_cundiboyacense,Altiplano Cundiboyacense,25817
altiplano_cundiboyacense,Altiplano Cundiboyacense,25839
altiplano_cundiboyacense,Altiplano Cundiboyacense,25841
altiplano_cundiboyacense,Altiplano Cundiboyacense,25845
altiplano_cundiboyacense,Altiplano Cundiboyacense,25843
altiplano_cundiboyacense,Altiplano Cundiboyacense,25873
altiplano_cundiboyacense,Altiplano Cundiboyacense,25898
altiplano_cundiboyacense,Altiplano Cundiboyacense,25899
alto_putumayo,Alto Putumayo,86219
alto_putumayo,Alto Putumayo,86755
alto_putumayo,Alto Putumayo,86760
alto_putumayo,Alto Putumayo,86749
alto_sinu_y_san_jorge,Alto Sinú y San Jorge,23079
alto_sinu_y_san_jorge,Alto Sinú y San Jorge,23350
alto_sinu_y_san_jorge,Alto Sinú y San Jorge,23466
alto_sinu_y_san_jorge,Alto Sinú y San Jorge,23001
alto_sinu_y_san_jorge,Alto Sinú y San Jorge,23555
alto_sinu_y_san_jorge,Alto Sinú y San Jorge,23570
alto_sinu_y_san_jorge,Alto Sinú y San Jorge,23580
alto_sinu_y_san_jorge,Alto Sinú y San Jorge,23682
alto_sinu_y_san_jorge,Alto Sinú y San Jorge,23807
alto_sinu_y_san_jorge,Alto Sinú y San Jorge,23855
amazonia_sur_oriental,Amazonía sur-oriental,91263
amazonia_sur_oriental,Amazonía sur-oriental,91405
amazonia_sur_oriental,Amazonía sur-oriental,91407
amazonia_sur_oriental,Amazonía sur-oriental,91430
amazonia_sur_oriental,Amazonía sur-oriental,91001
amazonia_sur_oriental,Amazonía sur-oriental,91460
amazonia_sur_oriental,Amazonía sur-oriental,91530
amazonia_sur_oriental,Amazonía sur-oriental,91536
amazonia_sur_oriental,Amazonía sur-oriental,91540
amazonia_sur_oriental,Amazonía sur-oriental,91669
amazonia_sur_oriental,Amazonía sur-oriental,91798
amazonia_sur_oriental,Amazonía sur-oriental,08573
amazonia_sur_oriental,Amazonía sur-oriental,18756
amazonia_sur_oriental,Amazonía sur-oriental,18785
amazonia_sur_oriental,Amazonía sur-oriental,94343
amazonia_sur_oriental,Amazonía sur-oriental,94886
amazonia_sur_oriental,Amazonía sur-oriental,94001
amazonia_sur_oriental,Amazonía sur-oriental,94885
amazonia_sur_oriental,Amazonía sur-oriental,94663
amazonia_sur_oriental,Amazonía sur-oriental,94888
amazonia_sur_oriental,Amazonía sur-oriental,94887
amazonia_sur_oriental,Amazonía sur-oriental,94884
amazonia_sur_oriental,Amazonía sur-oriental,94883
amazonia_sur_oriental,Amazonía sur-oriental,97161
amazonia_sur_oriental,Amazonía sur-oriental,97001
amazonia_sur_oriental,Amazonía sur-oriental,97511
amazonia_sur_oriental,Amazonía sur-oriental,97777
amazonia_sur_oriental,Amazonía sur-oriental,97666
amazonia_sur_oriental,Amazonía sur-oriental,97889
anden_pacifico_sur,Andén Pacífico Sur,19318
anden_pacifico_sur,Andén Pacífico Sur,19418
anden_pacifico_sur,Andén Pacífico Sur,19809
anden_pacifico_sur,Andén Pacífico Sur,52079
anden_pacifico_sur,Andén Pacífico Sur,52250
anden_pacifico_sur,Andén Pacífico Sur,52520
anden_pacifico_sur,Andén Pacífico Sur,52390
anden_pacifico_sur,Andén Pacífico Sur,52427
anden_pacifico_sur,Andén Pacífico Sur,52473
anden_pacifico_sur,Andén Pacífico Sur,52490
anden_pacifico_sur,Andén Pacífico Sur,52612
anden_pacifico_sur,Andén Pacífico Sur,52621
anden_pacifico_sur,Andén Pacífico Sur,52835
anden_pacifico_sur,Andén Pacífico Sur,52696
anden_pacifico_sur,Andén Pacífico Sur,76109
archipielago_de_san_andres_providencia_y_santa_catalina,"Archipiélago de San Andrés, Providencia y Santa Catalina",88564
archipielago_de_san_andres_providencia_y_santa_catalina,"Archipiélago de San Andrés, Providencia y Santa Catalina",88001
area_metropolitana_de_bogota,Área Metropolitana de Bogotá,11001
area_metropolitana_de_bogota,Área Metropolitana de Bogotá,25754
area_metropolitana_de_cucuta,Área Metropolitana de Cúcuta,54001
area_metropolitana_de_cucuta,Área Metropolitana de Cúcuta,54261
area_metropolitana_de_cucuta,Área Metropolitana de Cúcuta,54405
area_metropolitana_de_cucuta,Área Metropolitana de Cúcuta,54553
area_metropolitana_de_cucuta,Área Metropolitana de Cúcuta,54673
area_metropolitana_de_cucuta,Área Metropolitana de Cúcuta,54874
ariari_guayabero,Ariari Guayabero,95015
ariari_guayabero,Ariari Guayabero,95025
ariari_guayabero,Ariari Guayabero,95200
ariari_guayabero,Ariari Guayabero,95001
ariari_guayabero,Ariari Guayabero,50251
ariari_guayabero,Ariari Guayabero,50270
ariari_guayabero,Ariari Guayabero,50287
ariari_guayabero,Ariari Guayabero,50313
ariari_guayabero,Ariari Guayabero,50350
ariari_guayabero,Ariari Guayabero,50400
ariari_guayabero,Ariari Guayabero,50330
ariari_guayabero,Ariari Guayabero,50450
ariari_guayabero,Ariari Guayabero,50577
ariari_guayabero,Ariari Guayabero,50590
ariari_guayabero,Ariari Guayabero,50683
ariari_guayabero,Ariari Guayabero,50370
ariari_guayabero,Ariari Guayabero,50711
atrato,Atrato,05475
atrato,Atrato,05873
atrato,Atrato,27050
atrato,Atrato,27073
atrato,Atrato,27099
atrato,Atrato,27150
atrato,Atrato,27245
atrato,Atrato,27413
atrato,Atrato,27425
atrato,Atrato,27001
atrato,Atrato,27615
bajo_cauca_antioqueno,Bajo Cauca Antioqueño,05120
bajo_cauca_antioqueno,Bajo Cauca Antioqueño,05154
bajo_cauca_antioqueno,Bajo Cauca Antioqueño,05250
bajo_cauca_antioqueno,Bajo Cauca Antioqueño,05790
bajo_cauca_antioqueno,Bajo Cauca Antioqueño,05895
bajo_putumayo,Bajo Putumayo,86320
bajo_putumayo,Bajo Putumayo,86568
bajo_putumayo,Bajo Putumayo,86569
bajo_putumayo,Bajo Putumayo,86573
bajo_putumayo,Bajo Putumayo,86757
bajo_putumayo,Bajo Putumayo,86865
caguan,Caguán,18150
caguan,Caguán,18592
caguan,Caguán,18753
canal_del_dique,Canal del Dique,08137
canal_del_dique,Canal del Dique,08141
canal_del_dique,Canal del Dique,08421
canal_del_dique,Canal del Dique,08436
canal_del_dique,Canal del Dique,08606
canal_del_dique,Canal del Dique,08638
canal_del_dique,Canal del Dique,08675
canal_del_dique,Canal del Dique,08770
canal_del_dique,Canal del Dique,13052
canal_del_dique,Canal del Dique,13062
canal_del_dique,Canal del Dique,13140
canal_del_dique,Canal del Dique,13001
canal_del_dique,Canal del Dique,13222
canal_del_dique,Canal del Dique,13433
canal_del_dique,Canal del Dique,13620
canal_del_dique,Canal del Dique,13647
canal_del_dique,Canal del Dique,13673
canal_del_dique,Canal del Dique,13683
canal_del_dique,Canal del Dique,13760
canal_del_dique,Canal del Dique,13836
canal_del_dique,Canal del Dique,13838
canal_del_dique,Canal del Dique,13873
catatumbo,Catatumbo,54109
catatumbo,Catatumbo,54206
catatumbo,Catatumbo,54245
catatumbo,Catatumbo,54250
catatumbo,Catatumbo,54344
catatumbo,Catatumbo,54398
catatumbo,Catatumbo,54498
catatumbo,Catatumbo,54670
catatumbo,Catatumbo,54720
catatumbo,Catatumbo,54800
catatumbo,Catatumbo,54810
centro_de_narino,Centro de Nariño,52240
centro_de_narino,Centro de Nariño,52254
centro_de_narino,Centro de Nariño,52260
centro_de_narino,Centro de Nariño,52381
centro_de_narino,Centro de Nariño,52480
centro_de_narino,Centro de Nariño,52001
centro_de_narino,Centro de Nariño,52683
centro_de_narino,Centro de Nariño,52788
centro_de_narino,Centro de Nariño,52885
centro_de_norte_de_santander,Centro de Norte de Santander,54051
centro_de_norte_de_santander,Centro de Norte de Santander,54223
centro_del_huila,Centro del Huila,41020
centro_del_huila,Centro del Huila,41306
centro_del_huila,Centro del Huila,41349
centro_del_huila,Centro del Huila,41357
centro_del_huila,Centro del Huila,41483
centro_del_huila,Centro del Huila,41518
centro_del_huila,Centro del Huila,41801
centro_del_huila,Centro del Huila,41797
centro_del_huila,Centro del Huila,41885
centro_del_valle,Centro del Valle,76036
centro_del_valle,Centro del Valle,76100
centro_del_valle,Centro del Valle,76113
centro_del_valle,Centro del Valle,76122
centro_del_valle,Centro del Valle,76126
centro_del_valle,Centro del Valle,76111
centro_del_valle,Centro del Valle,76606
centro_del_valle,Centro del Valle,76616
centro_del_valle,Centro del Valle,76670
centro_del_valle,Centro del Valle,76736
centro_del_valle,Centro del Valle,76828
centro_del_valle,Centro del Valle,76834
centro_del_valle,Centro del Valle,76890
centro_occidente_de_narino,Centro Occidente de Nariño,52036
centro_occidente_de_narino,Centro Occidente de Nariño,52207
centro_occidente_de_narino,Centro Occidente de Nariño,52320
centro_occidente_de_narino,Centro Occidente de Nariño,52411
centro_occidente_de_narino,Centro Occidente de Nariño,52506
centro_occidente_de_narino,Centro Occidente de Nariño,52565
centro_occidente_de_narino,Centro Occidente de Nariño,52720
centro_occidente_de_narino,Centro Occidente de Nariño,52838
centro_oriente_de_atlantico,Centro Oriente de Atlántico,08078
centro_oriente_de_atlantico,Centro Oriente de Atlántico,08520
centro_oriente_de_atlantico,Centro Oriente de Atlántico,08558
centro_oriente_de_atlantico,Centro Oriente de Atlántico,08560
centro_oriente_de_atlantico,Centro Oriente de Atlántico,08634
centro_oriente_de_atlantico,Centro Oriente de Atlántico,08685
cienaga_grande_de_santa_marta,Ciénaga Grande de Santa Marta,47161
cienaga_grande_de_santa_marta,Ciénaga Grande de Santa Marta,47170
cienaga_grande_de_santa_marta,Ciénaga Grande de Santa Marta,47205
cienaga_grande_de_santa_marta,Ciénaga Grande de Santa Marta,47258
cienaga_grande_de_santa_marta,Ciénaga Grande de Santa Marta,47268
cienaga_grande_de_santa_marta,Ciénaga Grande de Santa Marta,47460
cienaga_grande_de_santa_marta,Ciénaga Grande de Santa Marta,47541
cienaga_grande_de_santa_marta,Ciénaga Grande de Santa Marta,47551
cienaga_grande_de_santa_marta,Ciénaga Grande de Santa Marta,47555
cienaga_grande_de_santa_marta,Ciénaga Grande de Santa Marta,47570
cienaga_grande_de_santa_marta,Ciénaga Grande de Santa Marta,47605
cienaga_grande_de_santa_marta,Ciénaga Grande de Santa Marta,47660
cienaga_grande_de_santa_marta,Ciénaga Grande de Santa Marta,47675
cienaga_grande_de_santa_marta,Ciénaga Grande de Santa Marta,47745
cienaga_grande_de_santa_marta,Ciénaga Grande de Santa Marta,47798
cienaga_grande_de_santa_marta,Ciénaga Grande de Santa Marta,47960
eje_cafetero,Eje Cafetero,17013
eje_cafetero,Eje Cafetero,17042
eje_cafetero,Eje Cafetero,17050
eje_cafetero,Eje Cafetero,17088
eje_cafetero,Eje Cafetero,17174
eje_cafetero,Eje Cafetero,17272
eje_cafetero,Eje Cafetero,17388
eje_cafetero,Eje Cafetero,17001
eje_cafetero,Eje Cafetero,17433
eje_cafetero,Eje Cafetero,17442
eje_cafetero,Eje Cafetero,17444
eje_cafetero,Eje Cafetero,17446
eje_cafetero,Eje Cafetero,17486
eje_cafetero,Eje Cafetero,17495
eje_cafetero,Eje Cafetero,17513
eje_cafetero,Eje Cafetero,17524
eje_cafetero,Eje Cafetero,17541
eje_cafetero,Eje Cafetero,17614
eje_cafetero,Eje Cafetero,17616
eje_cafetero,Eje Cafetero,17653
eje_cafetero,Eje Cafetero,17662
eje_cafetero,Eje Cafetero,17665
eje_cafetero,Eje Cafetero,17777
eje_cafetero,Eje Cafetero,17867
eje_cafetero,Eje Cafetero,17873
eje_cafetero,Eje Cafetero,17877
eje_cafetero,Eje Cafetero,63001
eje_cafetero,Eje Cafetero,63111
eje_cafetero,Eje Cafetero,63130
eje_cafetero,Eje Cafetero,63190
eje_cafetero,Eje Cafetero,63212
eje_cafetero,Eje Cafetero,63272
eje_cafetero,Eje Cafetero,63302
eje_cafetero,Eje Cafetero,63401
eje_cafetero,Eje Cafetero,63470
eje_cafetero,Eje Cafetero,63548
eje_cafetero,Eje Cafetero,63594
eje_cafetero,Eje Cafetero,63690
eje_cafetero,Eje Cafetero,66045
eje_cafetero,Eje Cafetero,66075
eje_cafetero,Eje Cafetero,66088
eje_cafetero,Eje Cafetero,66170
eje_cafetero,Eje Cafetero,66318
eje_cafetero,Eje Cafetero,66383
eje_cafetero,Eje Cafetero,66400
eje_cafetero,Eje Cafetero,66440
eje_cafetero,Eje Cafetero,66456
eje_cafetero,Eje Cafetero,66001
eje_cafetero,Eje Cafetero,66572
eje_cafetero,Eje Cafetero,66594
eje_cafetero,Eje Cafetero,66682
eje_cafetero,Eje Cafetero,66687
florencia_y_area_de_influencia,Florencia y Área de Influencia,18029
florencia_y_area_de_influencia,Florencia y Área de Influencia,18094
florencia_y_area_de_influencia,Florencia y Área de Influencia,18205
florencia_y_area_de_influencia,Florencia y Área de Influencia,18247
florencia_y_area_de_influencia,Florencia y Área de Influencia,18256
florencia_y_area_de_influencia,Florencia y Área de Influencia,18001
florencia_y_area_de_influencia,Florencia y Área de Influencia,18410
florencia_y_area_de_influencia,Florencia y Área de Influencia,18460
florencia_y_area_de_influencia,Florencia y Área de Influencia,18479
florencia_y_area_de_influencia,Florencia y Área de Influencia,18610
florencia_y_area_de_influencia,Florencia y Área de Influencia,18860
la_mojana,La Mojana,05495
la_mojana,La Mojana,13006
la_mojana,La Mojana,13458
la_mojana,La Mojana,13655
la_mojana,La Mojana,23068
la_mojana,La Mojana,70265
la_mojana,La Mojana,70429
la_mojana,La Mojana,70771
litoral_pacifico,Litoral Pacífico,27025
litoral_pacifico,Litoral Pacífico,27075
litoral_pacifico,Litoral Pacífico,27077
litoral_pacifico,Litoral Pacífico,27372
litoral_pacifico,Litoral Pacífico,27430
litoral_pacifico,Litoral Pacífico,27495
llanos_orientales,Llanos Orientales,81001
llanos_orientales,Llanos Orientales,81220
llanos_orientales,Llanos Orientales,81591
llanos_orientales,Llanos Orientales,85125
llanos_orientales,Llanos Orientales,85139
llanos_orientales,Llanos Orientales,85230
llanos_orientales,Llanos Orientales,85250
llanos_orientales,Llanos Orientales,85263
llanos_orientales,Llanos Orientales,85325
llanos_orientales,Llanos Orientales,85430
macizo_colombiano,Macizo Colombiano,19022
macizo_colombiano,Macizo Colombiano,19392
macizo_colombiano,Macizo Colombiano,19397
macizo_colombiano,Macizo Colombiano,19533
macizo_colombiano,Macizo Colombiano,19001
macizo_colombiano,Macizo Colombiano,19585
macizo_colombiano,Macizo Colombiano,19622
macizo_colombiano,Macizo Colombiano,19693
macizo_colombiano,Macizo Colombiano,19701
macizo_colombiano,Macizo Colombiano,19760
macizo_colombiano,Macizo Colombiano,19785
macizo_colombiano,Macizo Colombiano,19807
macizo_colombiano,Macizo Colombiano,41668
magdalena_medio,Magdalena Medio,05579
magdalena_medio,Magdalena Medio,05585
magdalena_medio,Magdalena Medio,05591
magdalena_medio,Magdalena Medio,05893
magdalena_medio,Magdalena Medio,13042
magdalena_medio,Magdalena Medio,13160
magdalena_medio,Magdalena Medio,13473
magdalena_medio,Magdalena Medio,13490
magdalena_medio,Magdalena Medio,13580
magdalena_medio,Magdalena Medio,13600
magdalena_medio,Magdalena Medio,13670
magdalena_medio,Magdalena Medio,13688
magdalena_medio,Magdalena Medio,13744
magdalena_medio,Magdalena Medio,13810
magdalena_medio,Magdalena Medio,15572
magdalena_medio,Magdalena Medio,17380
magdalena_medio,Magdalena Medio,20011
magdalena_medio,Magdalena Medio,20295
magdalena_medio,Magdalena Medio,20383
magdalena_medio,Magdalena Medio,20710
magdalena_medio,Magdalena Medio,20770
magdalena_medio,Magdalena Medio,25572
magdalena_medio,Magdalena Medio,25885
magdalena_medio,Magdalena Medio,68081
magdalena_medio,Magdalena Medio,68092
magdalena_medio,Magdalena Medio,68101
magdalena_medio,Magdalena Medio,68190
magdalena_medio,Magdalena Medio,68235
magdalena_medio,Magdalena Medio,68250
magdalena_medio,Magdalena Medio,68385
magdalena_medio,Magdalena Medio,68573
magdalena_medio,Magdalena Medio,68575
magdalena_medio,Magdalena Medio,68615
magdalena_medio,Magdalena Medio,68655
magdalena_medio,Magdalena Medio,68689
magdalena_medio,Magdalena Medio,68720
magdalena_medio,Magdalena Medio,68745
magdalena_medio_antioqueno,Magdalena Medio Antioqueño,05142
magdalena_medio_antioqueno,Magdalena Medio Antioqueño,05425
medio_putumayo,Medio Putumayo,86001
medio_putumayo,Medio Putumayo,86571
medio_putumayo,Medio Putumayo,86885
montes_de_maria,Montes de María,13212
montes_de_maria,Montes de María,13244
montes_de_maria,Montes de María,13248
montes_de_maria,Montes de María,13442
montes_de_maria,Montes de María,13654
montes_de_maria,Montes de María,13657
montes_de_maria,Montes de María,13894
montes_de_maria,Montes de María,70230
montes_de_maria,Montes de María,70204
montes_de_maria,Montes de María,70418
montes_de_maria,Montes de María,70473
montes_de_maria,Montes de María,70508
montes_de_maria,Montes de María,70713
montes_de_maria,Montes de María,70823
morrosquillo_y_sabanas_de_sucre,Morrosquillo y Sabanas de Sucre,70110
morrosquillo_y_sabanas_de_sucre,Morrosquillo y Sabanas de Sucre,70215
morrosquillo_y_sabanas_de_sucre,Morrosquillo y Sabanas de Sucre,70221
morrosquillo_y_sabanas_de_sucre,Morrosquillo y Sabanas de Sucre,70233
morrosquillo_y_sabanas_de_sucre,Morrosquillo y Sabanas de Sucre,70235
morrosquillo_y_sabanas_de_sucre,Morrosquillo y Sabanas de Sucre,70523
morrosquillo_y_sabanas_de_sucre,Morrosquillo y Sabanas de Sucre,70670
morrosquillo_y_sabanas_de_sucre,Morrosquillo y Sabanas de Sucre,70702
morrosquillo_y_sabanas_de_sucre,Morrosquillo y Sabanas de Sucre,70742
morrosquillo_y_sabanas_de_sucre,Morrosquillo y Sabanas de Sucre,70717
morrosquillo_y_sabanas_de_sucre,Morrosquillo y Sabanas de Sucre,70820
morrosquillo_y_sabanas_de_sucre,Morrosquillo y Sabanas de Sucre,70001
nordeste_antioqueno,Nordeste Antioqueño,05031
nordeste_antioqueno,Nordeste Antioqueño,05040
nordeste_antioqueno,Nordeste Antioqueño,05190
nordeste_antioqueno,Nordeste Antioqueño,05604
nordeste_antioqueno,Nordeste Antioqueño,05670
nordeste_antioqueno,Nordeste Antioqueño,05690
nordeste_antioqueno,Nordeste Antioqueño,05736
nordeste_antioqueno,Nordeste Antioqueño,05858
nordeste_antioqueno,Nordeste Antioqueño,05885
nordeste_antioqueno,Nordeste Antioqueño,05890
noroccidente_de_cundinamarca,Noroccidente de Cundinamarca,25148
noroccidente_de_cundinamarca,Noroccidente de Cundinamarca,25258
noroccidente_de_cundinamarca,Noroccidente de Cundinamarca,25320
noroccidente_de_cundinamarca,Noroccidente de Cundinamarca,25394
noroccidente_de_cundinamarca,Noroccidente de Cundinamarca,25398
noroccidente_de_cundinamarca,Noroccidente de Cundinamarca,25402
noroccidente_de_cundinamarca,Noroccidente de Cundinamarca,25489
noroccidente_de_cundinamarca,Noroccidente de Cundinamarca,25491
noroccidente_de_cundinamarca,Noroccidente de Cundinamarca,25513
noroccidente_de_cundinamarca,Noroccidente de Cundinamarca,25518
noroccidente_de_cundinamarca,Noroccidente de Cundinamarca,25592
noroccidente_de_cundinamarca,Noroccidente de Cundinamarca,25653
noroccidente_de_cundinamarca,Noroccidente de Cundinamarca,25658
noroccidente_de_cundinamarca,Noroccidente de Cundinamarca,25823
noroccidente_de_cundinamarca,Noroccidente de Cundinamarca,25851
noroccidente_de_cundinamarca,Noroccidente de Cundinamarca,25862
noroccidente_de_cundinamarca,Noroccidente de Cundinamarca,25867
noroccidente_de_cundinamarca,Noroccidente de Cundinamarca,25871
noroccidente_de_cundinamarca,Noroccidente de Cundinamarca,25875
norte_de_antioquia,Norte de Antioquia,05038
norte_de_antioquia,Norte de Antioquia,05086
norte_de_antioquia,Norte de Antioquia,05107
norte_de_antioquia,Norte de Antioquia,05134
norte_de_antioquia,Norte de Antioquia,05150
norte_de_antioquia,Norte de Antioquia,05237
norte_de_antioquia,Norte de Antioquia,05264
norte_de_antioquia,Norte de Antioquia,05310
norte_de_antioquia,Norte de Antioquia,05315
norte_de_antioquia,Norte de Antioquia,05361
norte_de_antioquia,Norte de Antioquia,05647
norte_de_antioquia,Norte de Antioquia,05658
norte_de_antioquia,Norte de Antioquia,05664
norte_de_antioquia,Norte de Antioquia,05686
norte_de_antioquia,Norte de Antioquia,05819
norte_de_antioquia,Norte de Antioquia,05854
norte_de_antioquia,Norte de Antioquia,05887
norte_de_atlantico,Norte de Atlántico,08001
norte_de_atlantico,Norte de Atlántico,08296
norte_de_atlantico,Norte de Atlántico,08433
norte_de_atlantico,Norte de Atlántico,08758
norte_de_cordoba,Norte de Córdoba,23090
norte_de_cordoba,Norte de Córdoba,23162
norte_de_cordoba,Norte de Córdoba,23168
norte_de_cordoba,Norte de Córdoba,23182
norte_de_cordoba,Norte de Córdoba,23189
norte_de_cordoba,Norte de Córdoba,23300
norte_de_cordoba,Norte de Córdoba,23417
norte_de_cordoba,Norte de Córdoba,23419
norte_de_cordoba,Norte de Córdoba,23464
norte_de_cordoba,Norte de Córdoba,23500
norte_de_cordoba,Norte de Córdoba,23574
norte_de_cordoba,Norte de Córdoba,23586
norte_de_cordoba,Norte de Córdoba,23660
norte_de_cordoba,Norte de Córdoba,23670
norte_de_cordoba,Norte de Córdoba,23672
norte_de_cordoba,Norte de Córdoba,23675
norte_de_cordoba,Norte de Córdoba,23678
norte_de_cordoba,Norte de Córdoba,23686
norte_de_cordoba,Norte de Córdoba,23815
norte_de_narino,Norte de Nariño,52019
norte_de_narino,Norte de Nariño,52051
norte_de_narino,Norte de Nariño,52083
norte_de_narino,Norte de Nariño,52110
norte_de_narino,Norte de Nariño,52203
norte_de_narino,Norte de Nariño,52258
norte_de_narino,Norte de Nariño,52378
norte_de_narino,Norte de Nariño,52399
norte_de_narino,Norte de Nariño,52685
norte_de_narino,Norte de Nariño,52687
norte_de_narino,Norte de Nariño,52693
norte_de_narino,Norte de Nariño,52694
norte_de_narino,Norte de Nariño,52786
norte_del_cauca,Norte del Cauca,19110
norte_del_cauca,Norte del Cauca,19130
norte_del_cauca,Norte del Cauca,19137
norte_del_cauca,Norte del Cauca,19142
norte_del_cauca,Norte del Cauca,19212
norte_del_cauca,Norte del Cauca,19256
norte_del_cauca,Norte del Cauca,19300
norte_del_cauca,Norte del Cauca,19355
norte_del_cauca,Norte del Cauca,19364
norte_del_cauca,Norte del Cauca,19455
norte_del_cauca,Norte del Cauca,19473
norte_del_cauca,Norte del Cauca,19513
norte_del_cauca,Norte del Cauca,19517
norte_del_cauca,Norte del Cauca,19548
norte_del_cauca,Norte del Cauca,19573
norte_del_cauca,Norte del Cauca,19698
norte_del_cauca,Norte del Cauca,19743
norte_del_cauca,Norte del Cauca,19780
norte_del_cauca,Norte del Cauca,19821
norte_del_cauca,Norte del Cauca,19824
norte_del_cauca,Norte del Cauca,19845
norte_del_huila,Norte del Huila,41016
norte_del_huila,Norte del Huila,41078
norte_del_huila,Norte del Huila,41132
norte_del_huila,Norte del Huila,41206
norte_del_huila,Norte del Huila,41001
norte_del_huila,Norte del Huila,41524
norte_del_huila,Norte del Huila,41615
norte_del_huila,Norte del Huila,41676
norte_del_huila,Norte del Huila,41799
norte_del_huila,Norte del Huila,41872
norte_del_tolima,Norte del Tolima,73026
norte_del_tolima,Norte del Tolima,73030
norte_del_tolima,Norte del Tolima,73043
norte_del_tolima,Norte del Tolima,73055
norte_del_tolima,Norte del Tolima,73124
norte_del_tolima,Norte del Tolima,73148
norte_del_tolima,Norte del Tolima,73152
norte_del_tolima,Norte del Tolima,73200
norte_del_tolima,Norte del Tolima,73268
norte_del_tolima,Norte del Tolima,73270
norte_del_tolima,Norte del Tolima,73275
norte_del_tolima,Norte del Tolima,73283
norte_del_tolima,Norte del Tolima,73347
norte_del_tolima,Norte del Tolima,73349
norte_del_tolima,Norte del Tolima,73001
norte_del_tolima,Norte del Tolima,73408
norte_del_tolima,Norte del Tolima,73411
norte_del_tolima,Norte del Tolima,73449
norte_del_tolima,Norte del Tolima,73461
norte_del_tolima,Norte del Tolima,73520
norte_del_tolima,Norte del Tolima,73547
norte_del_tolima,Norte del Tolima,73443
norte_del_tolima,Norte del Tolima,73686
norte_del_tolima,Norte del Tolima,73770
norte_del_tolima,Norte del Tolima,73861
norte_del_tolima,Norte del Tolima,73870
norte_del_valle,Norte del Valle,76020
norte_del_valle,Norte del Valle,76041
norte_del_valle,Norte del Valle,76054
norte_del_valle,Norte del Valle,76147
norte_del_valle,Norte del Valle,76243
norte_del_valle,Norte del Valle,76246
norte_del_valle,Norte del Valle,76250
norte_del_valle,Norte del Valle,76400
norte_del_valle,Norte del Valle,76403
norte_del_valle,Norte del Valle,76497
norte_del_valle,Norte del Valle,76622
norte_del_valle,Norte del Valle,76823
norte_del_valle,Norte del Valle,76845
norte_del_valle,Norte del Valle,76863
norte_del_valle,Norte del Valle,76895
occidente_antioqueno,Occidente Antioqueño,05004
occidente_antioqueno,Occidente Antioqueño,05044
occidente_antioqueno,Occidente Antioqueño,05059
occidente_antioqueno,Occidente Antioqueño,05113
occidente_antioqueno,Occidente Antioqueño,05125
occidente_antioqueno,Occidente Antioqueño,05138
occidente_antioqueno,Occidente Antioqueño,05234
occidente_antioqueno,Occidente Antioqueño,05240
occidente_antioqueno,Occidente Antioqueño,05284
occidente_antioqueno,Occidente Antioqueño,05306
occidente_antioqueno,Occidente Antioqueño,05347
occidente_antioqueno,Occidente Antioqueño,05411
occidente_antioqueno,Occidente Antioqueño,05501
occidente_antioqueno,Occidente Antioqueño,05543
occidente_antioqueno,Occidente Antioqueño,05628
occidente_antioqueno,Occidente Antioqueño,05656
occidente_antioqueno,Occidente Antioqueño,05042
occidente_antioqueno,Occidente Antioqueño,05761
occidente_antioqueno,Occidente Antioqueño,05842
occidente_de_atlantico,Occidente de Atlántico,08372
occidente_de_atlantico,Occidente de Atlántico,08549
occidente_de_atlantico,Occidente de Atlántico,08832
occidente_de_atlantico,Occidente de Atlántico,08849
occidente_de_narino,Occidente de Nariño,52385
occidente_de_narino,Occidente de Nariño,52435
occidente_de_narino,Occidente de Nariño,52678
occidente_de_narino,Occidente de Nariño,52699
oriente_antioqueno,Oriente Antioqueño,05002
oriente_antioqueno,Oriente Antioqueño,05021
oriente_antioqueno,Oriente Antioqueño,05055
oriente_antioqueno,Oriente Antioqueño,05197
oriente_antioqueno,Oriente Antioqueño,05206
oriente_antioqueno,Oriente Antioqueño,05148
oriente_antioqueno,Oriente Antioqueño,05697
oriente_antioqueno,Oriente Antioqueño,05313
oriente_antioqueno,Oriente Antioqueño,05318
oriente_antioqueno,Oriente Antioqueño,05321
oriente_antioqueno,Oriente Antioqueño,05376
oriente_antioqueno,Oriente Antioqueño,05400
oriente_antioqueno,Oriente Antioqueño,05440
oriente_antioqueno,Oriente Antioqueño,05483
oriente_antioqueno,Oriente Antioqueño,05541
oriente_antioqueno,Oriente Antioqueño,05607
oriente_antioqueno,Oriente Antioqueño,05615
oriente_antioqueno,Oriente Antioqueño,05649
oriente_antioqueno,Oriente Antioqueño,05652
oriente_antioqueno,Oriente Antioqueño,05660
oriente_antioqueno,Oriente Antioqueño,05667
oriente_antioqueno,Oriente Antioqueño,05674
oriente_antioqueno,Oriente Antioqueño,05756
oriente_de_boyaca,Oriente de Boyacá,15047
oriente_de_boyaca,Oriente de Boyacá,15135
oriente_de_boyaca,Oriente de Boyacá,15377
oriente_de_boyaca,Oriente de Boyacá,15514
oriente_de_boyaca,Oriente de Boyacá,15518
oriente_de_boyaca,Oriente de Boyacá,15667
patia,Patía,19050
patia,Patía,19075
patia,Patía,19100
patia,Patía,19290
patia,Patía,19450
patia,Patía,19532
patia,Patía,52233
patia,Patía,52256
patia,Patía,52405
patia,Patía,52418
patia,Patía,52540
piedemonte_llanero,Piedemonte Llanero,85010
piedemonte_llanero,Piedemonte Llanero,85015
piedemonte_llanero,Piedemonte Llanero,85136
piedemonte_llanero,Piedemonte Llanero,85162
piedemonte_llanero,Piedemonte Llanero,85225
piedemonte_llanero,Piedemonte Llanero,85279
piedemonte_llanero,Piedemonte Llanero,85300
piedemonte_llanero,Piedemonte Llanero,85315
piedemonte_llanero,Piedemonte Llanero,85400
piedemonte_llanero,Piedemonte Llanero,85410
piedemonte_llanero,Piedemonte Llanero,85440
piedemonte_llanero,Piedemonte Llanero,85001
piedemonte_llanero,Piedemonte Llanero,25438
piedemonte_llanero,Piedemonte Llanero,25530
piedemonte_llanero,Piedemonte Llanero,50006
piedemonte_llanero,Piedemonte Llanero,50110
piedemonte_llanero,Piedemonte Llanero,50124
piedemonte_llanero,Piedemonte Llanero,50150
piedemonte_llanero,Piedemonte Llanero,50223
piedemonte_llanero,Piedemonte Llanero,50226
piedemonte_llanero,Piedemonte Llanero,50245
piedemonte_llanero,Piedemonte Llanero,50318
piedemonte_llanero,Piedemonte Llanero,50606
piedemonte_llanero,Piedemonte Llanero,50680
piedemonte_llanero,Piedemonte Llanero,50686
piedemonte_llanero,Piedemonte Llanero,50689
piedemonte_llanero,Piedemonte Llanero,50001
provincia_comunera,Provincia Comunera,68209
provincia_comunera,Provincia Comunera,68298
provincia_comunera,Provincia Comunera,68320
provincia_comunera,Provincia Comunera,68322
provincia_comunera,Provincia Comunera,68500
provincia_comunera,Provincia Comunera,68524
provincia_comunera,Provincia Comunera,68755
provincia_comunera,Provincia Comunera,68770
provincia_de_garcia_rovira,Provincia de García Rovira,68147
provincia_de_garcia_rovira,Provincia de García Rovira,68152
provincia_de_garcia_rovira,Provincia de García Rovira,68162
provincia_de_garcia_rovira,Provincia de García Rovira,68207
provincia_de_garcia_rovira,Provincia de García Rovira,68266
provincia_de_garcia_rovira,Provincia de García Rovira,68318
provincia_de_garcia_rovira,Provincia de García Rovira,68425
provincia_de_garcia_rovira,Provincia de García Rovira,68432
provincia_de_garcia_rovira,Provincia de García Rovira,68468
provincia_de_garcia_rovira,Provincia de García Rovira,68669
provincia_de_garcia_rovira,Provincia de García Rovira,68684
provincia_de_garcia_rovira,Provincia de García Rovira,68686
provincia_de_guanenta,Provincia de Guanenta,68051
provincia_de_guanenta,Provincia de Guanenta,68079
provincia_de_guanenta,Provincia de Guanenta,68121
provincia_de_guanenta,Provincia de Guanenta,68160
provincia_de_guanenta,Provincia de Guanenta,68167
provincia_de_guanenta,Provincia de Guanenta,68217
provincia_de_guanenta,Provincia de Guanenta,68229
provincia_de_guanenta,Provincia de Guanenta,68264
provincia_de_guanenta,Provincia de Guanenta,68370
provincia_de_guanenta,Provincia de Guanenta,68464
provincia_de_guanenta,Provincia de Guanenta,68498
provincia_de_guanenta,Provincia de Guanenta,68502
provincia_de_guanenta,Provincia de Guanenta,68533
provincia_de_guanenta,Provincia de Guanenta,68549
provincia_de_guanenta,Provincia de Guanenta,68679
provincia_de_guanenta,Provincia de Guanenta,68682
provincia_de_guanenta,Provincia de Guanenta,68855
provincia_de_guanenta,Provincia de Guanenta,68872
provincia_de_ricaurte,Provincia de Ricaurte,54003
provincia_de_ricaurte,Provincia de Ricaurte,54128
provincia_de_ricaurte,Provincia de Ricaurte,54239
provincia_de_ricaurte,Provincia de Ricaurte,54313
provincia_de_ricaurte,Provincia de Ricaurte,54385
provincia_de_ricaurte,Provincia de Ricaurte,54418
provincia_de_ricaurte,Provincia de Ricaurte,54660
provincia_de_ricaurte,Provincia de Ricaurte,54680
provincia_de_ricaurte,Provincia de Ricaurte,54871
provincia_de_soto,Provincia de Soto,68001
provincia_de_soto,Provincia de Soto,68132
provincia_de_soto,Provincia de Soto,68169
provincia_de_soto,Provincia de Soto,68255
provincia_de_soto,Provincia de Soto,68276
provincia_de_soto,Provincia de Soto,68307
provincia_de_soto,Provincia de Soto,68406
provincia_de_soto,Provincia de Soto,68418
provincia_de_soto,Provincia de Soto,68444
provincia_de_soto,Provincia de Soto,68547
provincia_de_soto,Provincia de Soto,68705
provincia_de_soto,Provincia de Soto,68780
provincia_de_soto,Provincia de Soto,68820
provincia_de_soto,Provincia de Soto,68867
provincia_de_velez,Provincia de Vélez,68020
provincia_de_velez,Provincia de Vélez,68077
provincia_de_velez,Provincia de Vélez,68179
provincia_de_velez,Provincia de Vélez,68271
provincia_de_velez,Provincia de Vélez,68324
provincia_de_velez,Provincia de Vélez,68327
provincia_de_velez,Provincia de Vélez,68368
provincia_de_velez,Provincia de Vélez,68377
provincia_de_velez,Provincia de Vélez,68397
provincia_de_velez,Provincia de Vélez,68572
provincia_de_velez,Provincia de Vélez,68673
provincia_de_velez,Provincia de Vélez,68773
provincia_de_velez,Provincia de Vélez,68861
san_jorge_cesar,San Jorge (Cesar),70124
san_jorge_cesar,San Jorge (Cesar),70400
san_jorge_cesar,San Jorge (Cesar),70678
san_jorge_cesar,San Jorge (Cesar),70708
sarare,Sarare,81065
sarare,Sarare,81300
sarare,Sarare,81736
sarare,Sarare,81794
serrania_de_los_yariguies,Serranía de los Yariguíes,68013
serrania_de_los_yariguies,Serranía de los Yariguíes,68176
serrania_de_los_yariguies,Serranía de los Yariguíes,68211
serrania_de_los_yariguies,Serranía de los Yariguíes,68245
serrania_de_los_yariguies,Serranía de los Yariguíes,68296
serrania_de_los_yariguies,Serranía de los Yariguíes,68344
serrania_de_los_yariguies,Serranía de los Yariguíes,68522
serrania_de_los_yariguies,Serranía de los Yariguíes,68895
serrania_del_perija,Serranía del Perijá,20013
serrania_del_perija,Serranía del Perijá,20032
serrania_del_perija,Serranía del Perijá,20045
serrania_del_perija,Serranía del Perijá,20175
serrania_del_perija,Serranía del Perijá,20178
serrania_del_perija,Serranía del Perijá,20228
serrania_del_perija,Serranía del Perijá,20250
serrania_del_perija,Serranía del Perijá,20400
serrania_del_perija,Serranía del Perijá,20621
serrania_del_perija,Serranía del Perijá,20443
serrania_del_perija,Serranía del Perijá,20750
serrania_del_perija,Serranía del Perijá,44110
serrania_del_perija,Serranía del Perijá,44420
serrania_del_perija,Serranía del Perijá,44855
serrania_del_perija,Serranía del Perijá,44874
sierra_nevada_de_santa_marta,Sierra Nevada de Santa Marta,20060
sierra_nevada_de_santa_marta,Sierra Nevada de Santa Marta,20238
sierra_nevada_de_santa_marta,Sierra Nevada de Santa Marta,20570
sierra_nevada_de_santa_marta,Sierra Nevada de Santa Marta,20001
sierra_nevada_de_santa_marta,Sierra Nevada de Santa Marta,44078
sierra_nevada_de_santa_marta,Sierra Nevada de Santa Marta,44090
sierra_nevada_de_santa_marta,Sierra Nevada de Santa Marta,44098
sierra_nevada_de_santa_marta,Sierra Nevada de Santa Marta,44279
sierra_nevada_de_santa_marta,Sierra Nevada de Santa Marta,44378
sierra_nevada_de_santa_marta,Sierra Nevada de Santa Marta,44001
sierra_nevada_de_santa_marta,Sierra Nevada de Santa Marta,44650
sierra_nevada_de_santa_marta,Sierra Nevada de Santa Marta,47030
sierra_nevada_de_santa_marta,Sierra Nevada de Santa Marta,47053
sierra_nevada_de_santa_marta,Sierra Nevada de Santa Marta,47058
sierra_nevada_de_santa_marta,Sierra Nevada de Santa Marta,47189
sierra_nevada_de_santa_marta,Sierra Nevada de Santa Marta,47288
sierra_nevada_de_santa_marta,Sierra Nevada de Santa Marta,47001
sierra_nevada_de_santa_marta,Sierra Nevada de Santa Marta,47980
sumapaz,Sumapaz,25053
sumapaz,Sumapaz,25120
sumapaz,Sumapaz,25290
sumapaz,Sumapaz,25312
sumapaz,Sumapaz,25524
sumapaz,Sumapaz,25535
sumapaz,Sumapaz,25649
sumapaz,Sumapaz,25740
sumapaz,Sumapaz,25743
sumapaz,Sumapaz,25805
sumapaz,Sumapaz,25506
sumapaz,Sumapaz,73226
sumapaz,Sumapaz,73352
sumapaz,Sumapaz,73873
sur_de_bolivar,Sur de Bolívar,13030
sur_de_bolivar,Sur de Bolívar,13074
sur_de_bolivar,Sur de Bolívar,13188
sur_de_bolivar,Sur de Bolívar,13268
sur_de_bolivar,Sur de Bolívar,13300
sur_de_bolivar,Sur de Bolívar,13430
sur_de_bolivar,Sur de Bolívar,13440
sur_de_bolivar,Sur de Bolívar,13468
sur_de_bolivar,Sur de Bolívar,13549
sur_de_bolivar,Sur de Bolívar,13650
sur_de_bolivar,Sur de Bolívar,13667
sur_de_bolivar,Sur de Bolívar,13780
sur_de_cesar,Sur de Cesar,20310
sur_de_cesar,Sur de Cesar,20517
sur_de_cesar,Sur de Cesar,20550
sur_de_cesar,Sur de Cesar,20614
sur_de_cesar,Sur de Cesar,20787
sur_de_magdalena,Sur de Magdalena,47245
sur_de_magdalena,Sur de Magdalena,47318
sur_de_magdalena,Sur de Magdalena,47545
sur_de_magdalena,Sur de Magdalena,47692
sur_de_magdalena,Sur de Magdalena,47703
sur_de_magdalena,Sur de Magdalena,47707
sur_de_magdalena,Sur de Magdalena,47720
sur_de_narino,Sur de Nariño,52022
sur_de_narino,Sur de Nariño,52210
sur_de_narino,Sur de Nariño,52215
sur_de_narino,Sur de Nariño,52224
sur_de_narino,Sur de Nariño,52227
sur_de_narino,Sur de Nariño,52287
sur_de_narino,Sur de Nariño,52317
sur_de_narino,Sur de Nariño,52323
sur_de_narino,Sur de Nariño,52352
sur_de_narino,Sur de Nariño,52354
sur_de_narino,Sur de Nariño,52356
sur_de_narino,Sur de Nariño,52560
sur_de_narino,Sur de Nariño,52573
sur_de_narino,Sur de Nariño,52585
sur_del_huila,Sur del Huila,41006
sur_del_huila,Sur del Huila,41013
sur_del_huila,Sur del Huila,41026
sur_del_huila,Sur del Huila,41244
sur_del_huila,Sur del Huila,41298
sur_del_huila,Sur del Huila,41319
sur_del_huila,Sur del Huila,41359
sur_del_huila,Sur del Huila,41378
sur_del_huila,Sur del Huila,41396
sur_del_huila,Sur del Huila,41503
sur_del_huila,Sur del Huila,41530
sur_del_huila,Sur del Huila,41548
sur_del_huila,Sur del Huila,41551
sur_del_huila,Sur del Huila,41660
sur_del_huila,Sur del Huila,41770
sur_del_huila,Sur del Huila,41791
sur_del_huila,Sur del Huila,41807
sur_del_tolima,Sur del Tolima,73024
sur_del_tolima,Sur del Tolima,73067
sur_del_tolima,Sur del Tolima,73168
sur_del_tolima,Sur del Tolima,73217
sur_del_tolima,Sur del Tolima,73236
sur_del_tolima,Sur del Tolima,73319
sur_del_tolima,Sur del Tolima,73483
sur_del_tolima,Sur del Tolima,73504
sur_del_tolima,Sur del Tolima,73555
sur_del_tolima,Sur del Tolima,73563
sur_del_tolima,Sur del Tolima,73585
sur_del_tolima,Sur del Tolima,73616
sur_del_tolima,Sur del Tolima,73622
sur_del_tolima,Sur del Tolima,73624
sur_del_tolima,Sur del Tolima,73671
sur_del_tolima,Sur del Tolima,73675
sur_del_tolima,Sur del Tolima,73678
sur_del_tolima,Sur del Tolima,73854
sur_del_valle,Sur del Valle,76001
sur_del_valle,Sur del Valle,76130
sur_del_valle,Sur del Valle,76233
sur_del_valle,Sur del Valle,76248
sur_del_valle,Sur del Valle,76275
sur_del_valle,Sur del Valle,76306
sur_del_valle,Sur del Valle,76318
sur_del_valle,Sur del Valle,76364
sur_del_valle,Sur del Valle,76377
sur_del_valle,Sur del Valle,76520
sur_del_valle,Sur del Valle,76563
sur_del_valle,Sur del Valle,76869
sur_del_valle,Sur del Valle,76892
suroccidente_de_cundinamarca,Suroccidente de Cundinamarca,25001
suroccidente_de_cundinamarca,Suroccidente de Cundinamarca,25035
suroccidente_de_cundinamarca,Suroccidente de Cundinamarca,25599
suroccidente_de_cundinamarca,Suroccidente de Cundinamarca,25245
suroccidente_de_cundinamarca,Suroccidente de Cundinamarca,25307
suroccidente_de_cundinamarca,Suroccidente de Cundinamarca,25324
suroccidente_de_cundinamarca,Suroccidente de Cundinamarca,25368
suroccidente_de_cundinamarca,Suroccidente de Cundinamarca,25386
suroccidente_de_cundinamarca,Suroccidente de Cundinamarca,25483
suroccidente_de_cundinamarca,Suroccidente de Cundinamarca,25488
suroccidente_de_cundinamarca,Suroccidente de Cundinamarca,25612
suroccidente_de_cundinamarca,Suroccidente de Cundinamarca,25815
suroccidente_de_cundinamarca,Suroccidente de Cundinamarca,25878
suroccidente_de_norte_de_santander,Suroccidente de Norte de Santander,54125
suroccidente_de_norte_de_santander,Suroccidente de Norte de Santander,54174
suroccidente_de_norte_de_santander,Suroccidente de Norte de Santander,54480
suroccidente_de_norte_de_santander,Suroccidente de Norte de Santander,54518
suroccidente_de_norte_de_santander,Suroccidente de Norte de Santander,54520
suroccidente_de_norte_de_santander,Suroccidente de Norte de Santander,54743
suroeste_antioqueno,Suroeste Antioqueño,05030
suroeste_antioqueno,Suroeste Antioqueño,05034
suroeste_antioqueno,Suroeste Antioqueño,05036
suroeste_antioqueno,Suroeste Antioqueño,05091
suroeste_antioqueno,Suroeste Antioqueño,05093
suroeste_antioqueno,Suroeste Antioqueño,05145
suroeste_antioqueno,Suroeste Antioqueño,05101
suroeste_antioqueno,Suroeste Antioqueño,05209
suroeste_antioqueno,Suroeste Antioqueño,05282
suroeste_antioqueno,Suroeste Antioqueño,05353
suroeste_antioqueno,Suroeste Antioqueño,05364
suroeste_antioqueno,Suroeste Antioqueño,05368
suroeste_antioqueno,Suroeste Antioqueño,05390
suroeste_antioqueno,Suroeste Antioqueño,05467
suroeste_antioqueno,Suroeste Antioqueño,05576
suroeste_antioqueno,Suroeste Antioqueño,05642
suroeste_antioqueno,Suroeste Antioqueño,05679
suroeste_antioqueno,Suroeste Antioqueño,05789
suroeste_antioqueno,Suroeste Antioqueño,05792
suroeste_antioqueno,Suroeste Antioqueño,05809
suroeste_antioqueno,Suroeste Antioqueño,05847
suroeste_antioqueno,Suroeste Antioqueño,05856
suroeste_antioqueno,Suroeste Antioqueño,05861
suroriente_de_norte_de_santander,Suroriente de Norte de Santander,54099
suroriente_de_norte_de_santander,Suroriente de Norte de Santander,54172
suroriente_de_norte_de_santander,Suroriente de Norte de Santander,54347
suroriente_de_norte_de_santander,Suroriente de Norte de Santander,54377
suroriente_de_norte_de_santander,Suroriente de Norte de Santander,54599
suroriente_de_norte_de_santander,Suroriente de Norte de Santander,54820
uraba,Urabá,05045
uraba,Urabá,05051
uraba,Urabá,05147
uraba,Urabá,05172
uraba,Urabá,05480
uraba,Urabá,05490
uraba,Urabá,05659
uraba,Urabá,05665
uraba,Urabá,05837
uraba,Urabá,27006
uraba,Urabá,27800
valle_de_aburra,Valle de Aburrá,05079
valle_de_aburra,Valle de Aburrá,05088
valle_de_aburra,Valle de Aburrá,05129
valle_de_aburra,Valle de Aburrá,05212
valle_de_aburra,Valle de Aburrá,05266
valle_de_aburra,Valle de Aburrá,05308
valle_de_aburra,Valle de Aburrá,05360
valle_de_aburra,Valle de Aburrá,05380
valle_de_aburra,Valle de Aburrá,05001
valle_de_aburra,Valle de Aburrá,05631
valle_de_san_juan,Valle de San Juan,27160
valle_de_san_juan,Valle de San Juan,27205
valle_de_san_juan,Valle de San Juan,27135
valle_de_san_juan,Valle de San Juan,27250
valle_de_san_juan,Valle de San Juan,27361
valle_de_san_juan,Valle de San Juan,27450
valle_de_san_juan,Valle de San Juan,27491
valle_de_san_juan,Valle de San Juan,27580
valle_de_san_juan,Valle de San Juan,27600
valle_de_san_juan,Valle de San Juan,27660
valle_de_san_juan,Valle de San Juan,27745
valle_de_san_juan,Valle de San Juan,27787
valle_de_san_juan,Valle de San Juan,27810
